redshift, dL (Gpc), error (Gpc)
0.09835894110334804, 0.4450577558671967, 0.00677485315992211
0.3678227071139816, 1.8820797573949657, 0.10852127459698116
0.20805090945411622, 1.075109025523766, 0.032246575538217186
1.0010428179056896, 6.104260909719913, 0.9579316792445841
0.3147817746823446, 1.7062245009584545, 0.07769907256683684
1.9386800264657402, 16.658154154119796, 3.99931789417891
0.43520854304997647, 2.573276120911106, 0.1559959212554633
0.48193514303734203, 2.6667481610937886, 0.1945564419447369
1.2417695404337155, 6.448880518491142, 1.5313168771093315
0.5224891598319703, 2.968720447191242, 0.23186238208366847
0.8723053918952273, 6.343520063172405, 0.7092857483107536
1.9532805584192412, 14.195661068338259, 4.063938367912505
0.45119721361802995, 2.5154286783668423, 0.16866303713239614
0.3469032308889096, 1.7588288103617888, 0.09568901298556007
0.2847666273511222, 1.3948942959810868, 0.06272834327356061
1.0849979486468782, 7.9675821362963415, 1.1417737359831455
0.7651148528582636, 2.908546807380713, 0.532620440043023
0.5200871593942629, 3.5822186162404748, 0.22955214551415132
0.22645352743427638, 1.083265949082653, 0.038564940022677074
1.1541174629852788, 7.719986752040391, 1.3060747196089848
1.728789062104053, 6.17101742541569, 3.1290467334029604
1.266505282688973, 6.365517755362278, 1.598306696416914
0.12213496091342972, 0.5591220147695353, 0.010596503439907513
0.3876261869123194, 2.1676085283817876, 0.12149314241438071
1.3743777921169964, 9.921181747263804, 1.9081191957431936
1.6669477907728216, 8.206457413360809, 2.8935411923454626
1.0805641725368136, 8.335998182998019, 1.1316340921801957
1.657812937617821, 12.117108380499547, 2.8595594937191806
1.7766095133358295, 13.796821164886019, 3.3176785691299933
1.1794262056843674, 5.72523209772001, 1.3691693104652223
0.18570431967699924, 0.9496929416050666, 0.025390345608219428
1.3170061302889988, 11.17844036511416, 1.7397649049598873
1.6191123670300542, 11.757376292478865, 2.717893409324598
0.23652039616730133, 1.0977604326492325, 0.042282666765966585
1.4023452056874255, 8.178120573134887, 1.9931417189432743
0.32831275812537614, 1.645097463737562, 0.0850264868810817
0.8842270374207215, 5.170658950443083, 0.730630880231473
1.5771515975109478, 7.752249059463173, 2.5684973140239094
1.8571746909249496, 8.61712016889215, 3.6483445095951943
0.4672521187830434, 2.752632548131787, 0.18193334877539022
1.691342718122901, 14.069497716196295, 2.9853070129369006
0.11708578619448867, 0.5370130940191049, 0.009709367458563371
0.9348881553381132, 5.5166069471879045, 0.8251539029821232
1.7098537252955115, 18.62813141296748, 3.055926683433392
1.2211286235772472, 8.808823175633059, 1.4765718705268724
1.4159891535767086, 9.77223587510123, 2.035323159514636
1.4409034321669785, 10.774708500322047, 2.1135379147310536
1.5138319684086563, 10.066112798356544, 2.351331853664657
1.3232209060392812, 9.632586620427158, 1.7576086597085379
1.623790132561225, 11.547037507355485, 2.7348189702246066
1.659343942741421, 16.173166166952985, 2.8652403735176035
0.8797561874203195, 5.498782139940672, 0.7225860271522414
1.460440268151801, 13.028565287868595, 2.175947204209031
0.3168958906149318, 1.617843053093278, 0.0788200380160397
1.582478250826963, 10.32029565485565, 2.587219875636811
0.9668722309833793, 6.866097104719923, 0.888022938674464
1.7297590511922887, 21.656271546112308, 3.1328164182945626
1.848603662292679, 19.849919801074662, 3.612398089011169
0.8655700419304746, 5.347724449820984, 0.6973772736935988
0.8948157890153043, 5.036812016360863, 0.7498760096679675
1.2415489988960364, 10.51278207272269, 1.5307263917856824
0.949598621302647, 4.97751788543769, 0.8537616223218086
1.3384281863638776, 9.160950718123262, 1.8016743129018369
1.9895214939964632, 26.14784499198208, 4.226634485884262
0.369799813907063, 1.849004328195744, 0.10978014704393914
1.3816031068725783, 9.27353006193981, 1.9298990149767683
0.31293835177656615, 1.5980059806282998, 0.07672882987524524
1.5535059417813484, 13.203304613438197, 2.48623613185198
0.6945963938528432, 3.7734169730063645, 0.43121506300927825
1.9955894850243676, 17.973938376214058, 4.254195665734615
1.542863674356567, 11.89021109268528, 2.4496655699335044
1.5091118866253406, 7.578850499420534, 2.3355420662837907
1.1556648977356723, 8.261457788220655, 1.3098872687266216
1.8391273712508143, 20.029846357887486, 3.572867980337315
0.20671174187801714, 1.0438111954048999, 0.03181065626791557
1.8458434381365882, 11.37487081657389, 3.600860803914274
1.3223064524318766, 6.852203532585662, 1.7549771048128593
1.8879672735662203, 16.103990141759173, 3.7789963347134594
0.6586570135595498, 3.7995696637031955, 0.38399623989414217
1.2464663537983223, 11.15002609255405, 1.5439207674529332
1.4962898221538428, 10.203122066125564, 2.2929282635821364
1.8984771259791038, 21.112526053740446, 3.824129932173033
0.6526571453727164, 3.9881631719750743, 0.3764042552951312
0.22237263256032552, 1.103131587376699, 0.03711075228604297
0.6050316659555366, 3.545056532643883, 0.31907072390850927
0.6016717667089406, 3.6376476160094335, 0.31522140806835225
0.7998636915375834, 4.897227661447016, 0.5868965797988235
1.7585525986968977, 8.315314502077698, 3.245783055682662
0.16890723679556405, 0.7899112674760568, 0.020814136224055448
0.7787020875209485, 4.5289015760497024, 0.553502740258685
0.7099669306746577, 4.131284164701467, 0.4523255940662905
1.614955853484931, 13.230271568819292, 2.7028995066055845
0.809082056122687, 4.87293849965994, 0.6017758575730816
0.8999594726554152, 5.302483609842975, 0.7593220614620324
1.4500178310137373, 11.21792171158555, 2.1425355865654083
1.2065446527385453, 8.01338295896696, 1.4385245480694475
1.1464956381666982, 9.967637517481785, 1.2873820336851747
1.5595279780817175, 11.466370479427185, 2.507054522309185
1.2942477252936926, 6.668538042857688, 1.6752363071576557
0.4480855882324714, 2.28799638288134, 0.16615507435346455
1.9181903408765488, 3.3980571669476642, 3.9095288035476896
0.5477945646381746, 3.3736343944175005, 0.256977586095653
0.8341764465409205, 5.048442514838479, 0.6433053462705668
0.9164066708296332, 5.660510447210342, 0.7899541424323224
1.6055032686575625, 13.987000097576585, 2.668960726940213
1.9304061655229046, 15.134270421773412, 3.962934539986572
0.29563275550586804, 1.436843268832043, 0.06794545588490598
1.681956606897891, 11.27187391091692, 2.9498244055482568
1.9742969922161742, 13.42383053335333, 4.15788823727332
0.9298612698062896, 6.4281411043161665, 0.81549801663922
1.3205627734499465, 6.725916099157942, 1.7499649891981286
1.3332725860388823, 9.37121451642004, 1.786671012466821
0.7487832435821797, 5.554349089546678, 0.5080969340384035
1.10795304658714, 7.344430370725949, 1.195039828390819
1.6294428613960037, 10.696906548262902, 2.7553447814432586
1.1743120550027704, 11.609671406375286, 1.3562927597415506
1.728194303469915, 17.22071159270967, 3.1267364701971707
0.12310927695524351, 0.5869096344933847, 0.010772434247160937
0.18381518393490334, 0.9195978458843704, 0.024851159574316647
0.5982227637506237, 3.6820302145555526, 0.31129666316588683
1.0705805428592052, 8.440886866438616, 1.1089785526834586
1.2868543567394393, 6.208195849843348, 1.6545487588466008
0.438624234645595, 2.310687290531017, 0.15865626447309672
1.7445952119692758, 14.426110883548382, 3.1907660607257493
1.5849796950975066, 12.478517613283007, 2.5960364724980605
0.7144087794588174, 4.725320480508582, 0.4585288629287935
1.7109320425960255, 10.968579665006173, 3.060066735185856
1.4198233144824355, 9.798648568220717, 2.0472598090161385
0.5211758681324761, 3.1285689237737544, 0.2305976840441475
1.6114986181189352, 11.698527390939189, 2.690460824232645
0.5261355158453643, 3.192457319523811, 0.23539379467143792
1.778410629059359, 16.940796614444817, 3.3248943964787663
1.9106125344658258, 17.900472575477735, 3.8765866950738443
1.6110346867798544, 8.738332736934272, 2.6887939192453327
0.5446155030779511, 3.2574308703015205, 0.25374427362669083
1.56748074184144, 12.531367888843329, 2.5346854680551347
0.5568135141731629, 3.0704123017724023, 0.26627317715102505
0.5655715130475218, 3.6807685240459356, 0.27547393470500936
1.7047288710548927, 11.302497205355863, 3.0362900303755676
1.762186340127669, 14.057867103507435, 3.2601859848806356
0.7853007525556512, 4.904626812942279, 0.5638018071616857
1.795898297600756, 9.89505303347189, 3.39537509719704
0.6438284378506418, 3.738691082414191, 0.365383485641972
1.5212464168819113, 8.452667480382102, 2.3762465574770775
1.100327624387901, 7.460245983935759, 1.1772022423581627
1.8646863962483413, 10.083201905726058, 3.679998615837733
0.10518351405300957, 0.4831971998041291, 0.007779889010640959
0.8023684339572617, 5.100379485500961, 0.5909194802306197
0.5573730808037853, 3.267977545970941, 0.266855896145157
0.9595460129063349, 5.370095532965479, 0.8734034427802216
0.6140609830571442, 3.3736335168024634, 0.3295424574907919
1.8237797513373837, 11.397711930679982, 3.5093200652353858
1.5780027593001922, 13.115388441587697, 2.571484318052002
0.7662302790161812, 5.1957400993902985, 0.5343183102045849
0.9166817421134674, 4.9077133997274895, 0.7904719954145819
0.26360551234950713, 1.4039314293513792, 0.05321933492486231
0.5070347291750719, 2.4940912129408193, 0.21722059326910143
1.9158745773007082, 13.671337910684567, 3.899446572060785
1.042417469170797, 7.3009176042717305, 1.0463822311638946
1.4661295043536207, 8.916299546212167, 2.1942990458619196
1.1081596195958547, 9.674595699304287, 1.1955250321566488
1.530778030802316, 12.369988849010474, 2.4084759688014667
1.046523167009708, 7.5140057270657366, 1.0553870659911417
1.4376668275493232, 14.038373032226803, 2.103290125721221
0.23690780776097378, 1.2257302870080236, 0.042429467361139735
1.9195745841197511, 11.804393335016389, 3.915561820417304
1.565147893592102, 7.4968009978116426, 2.5265639846937864
0.35449525518798697, 1.8819693080667792, 0.10024337101336725
0.07367594025971477, 0.3319667896143335, 0.003743097559472539
0.9324807296017465, 6.69951276278155, 0.8205219804535971
1.4614035001951051, 8.486525140834832, 2.1790486704254275
0.8214232788355638, 5.489928365546522, 0.6220121906891988
0.3676391267914828, 2.0422380187902855, 0.10840479013884162
1.6843765128338837, 11.083391192356661, 2.9589514972967246
0.6777625124464868, 3.8271752373410757, 0.40872532301802583
1.7823391302537954, 15.567267879036505, 3.340661192752244
1.1129447272823392, 6.3606709168688536, 1.206793691371995
0.49188371399271424, 2.9064729395835456, 0.20337519283401173
1.4121434833280726, 12.40706875879043, 2.0233872650534357
0.7859836030838676, 5.127868673136128, 0.5648734748271792
0.6973208924314365, 4.3018723058966595, 0.43491686464923757
1.9725341598480837, 16.869011282863013, 4.149965515203392
1.492457685140194, 11.266282525611325, 2.2802714190130065
1.14882715017187, 9.583413897012356, 1.2930849632726142
1.0677557587645539, 6.924299518764434, 1.1026126111696548
1.2147749294719246, 10.1276413125545, 1.4599316424341018
1.4679878101708792, 8.40808067342165, 2.200310795508826
1.0859274773071, 6.090482283222327, 1.143905585548122
0.9027180483061814, 6.227595194350853, 0.7644142616252333
1.4578971756946777, 9.15030780431559, 2.1677698729521864
1.8970796955295912, 16.480761770138297, 3.818112931879471
1.2183397585038882, 8.417623670312313, 1.4692556253408529
1.4393813439440373, 11.26242852667594, 2.1087154206935232
0.9870076990333827, 8.602130519115429, 0.9288742594661864
1.9068725358423217, 22.137498615618778, 3.8603809806378857
0.7580922161672596, 4.103066183377144, 0.5219982138842071
1.0033518861383999, 8.679103705656527, 0.9627581252295352
1.730777865363073, 13.699841921359559, 3.13677837256825
1.0785021664552636, 6.761023610199326, 1.1269348627872304
0.7320001638597549, 4.406193061517778, 0.48354945450553694
1.7049636919915363, 13.770543531719891, 3.0371883546747576
1.60195131875014, 14.627408164286255, 2.656265093830351
1.55115064335993, 10.005612479123906, 2.4781182746087786
0.15942069652283095, 0.7713428345227145, 0.018444571905877786
0.3359231506494131, 1.808126338221744, 0.08930770191052703
0.448289298039615, 2.5630521109533646, 0.1663186304628002
0.40989412529971575, 2.197696631969756, 0.13704902742192984
0.6554400486807739, 3.3910965935497144, 0.37991530934746826
1.57323951690981, 7.961379726538313, 2.554791684601796
0.09438127041114305, 0.42585542144130384, 0.00622275237354188
0.13878657781483683, 0.6686091183290918, 0.0138163866687811
1.0225858946442496, 7.50410230747525, 1.003465738863815
0.7114877492708105, 4.46258564970807, 0.45444430685440323
0.18121294562572104, 0.865303601764812, 0.02411866239155134
0.14870098286160868, 0.6858109302931605, 0.015950993610272156
0.7502764223270224, 4.573034616122401, 0.5103129862673357
1.754025236958074, 14.611687775340906, 3.227884074876825
1.7733608876207374, 10.265936471291258, 3.3046839775123646
0.3450213939497673, 1.8186516571589024, 0.09457812570221141
0.12679075315510324, 0.5927933320999403, 0.011451110737979048
1.4780331122961277, 13.714143675417997, 2.2329563143977427
0.17453796976400596, 0.8333999068413387, 0.022293654455773852
0.5843181204020249, 3.439463178809074, 0.29574734982209544
0.2881656062738054, 1.5328874832133, 0.0643357393587259
0.1801454551907272, 0.8790706585221666, 0.02382159514582716
1.077062799356005, 7.973505333102375, 1.1236607691596974
1.2305370628805865, 9.89283456394933, 1.5013951854280236
0.43036076085096614, 2.303069671587116, 0.15226271482759104
1.0698492446076957, 6.277875193071335, 1.1073286247731857
1.3951152673307552, 10.271845864609597, 1.9709766548090106
1.226609410898956, 8.806572653920838, 1.4910058988937482
0.9819600828980994, 7.998662857296238, 0.9185410661168293
0.6923458404337168, 3.741076000184247, 0.4281702412817538
0.6793273760258456, 4.522641679675799, 0.4107882225288183
0.5003457206953396, 2.8032913957932037, 0.21104606510972732
0.8763245110360238, 4.404460705225014, 0.7164436434787461
1.5701675738188081, 10.12635312522831, 2.5440560397448504
0.4185756440743143, 2.160226425905295, 0.14339457910592907
0.5543296150292047, 3.2083753294381228, 0.26369495836579115
1.7846853364638613, 13.17812891669512, 3.350095862406545
0.4334473462216927, 2.44884361425878, 0.15463388247366155
0.23259133927197903, 1.184394713660398, 0.04080948467546078
1.5698455453605504, 14.872747345725514, 2.542931990675382
1.9822215029423642, 16.638636505960033, 4.193599217819265
1.1660950331111564, 6.747793424595479, 1.3357384356311275
1.8950640583571854, 12.010721648561933, 3.8094426521453086
1.4195972650961615, 11.391376206030811, 2.046555053415169
0.4664585484436283, 2.284612162555228, 0.18126438724125665
0.9008590757566273, 3.9980241734248363, 0.7609806720008181
1.4856299656725378, 8.961950165244245, 2.2578109864600107
1.982373744425289, 13.075305348575405, 4.194286811783745
1.0976521742955698, 7.968275301926266, 1.1709775287394473
0.40857154623881464, 2.2492399616469707, 0.13609620266752934
1.4709753858814896, 9.137735931818137, 2.209993762466943
1.3794903541320154, 10.683693676570458, 1.923517011666994
0.14887195523132032, 0.7190324332978062, 0.015989244919612483
1.4755268406628232, 11.760454395113122, 2.224787930063055
0.44841412000066433, 2.575450902059014, 0.16641889232326085
1.0843783958021915, 8.248484066075115, 1.1403539825770446
1.1655219040401723, 8.90163712739086, 1.3343109866360081
1.895022933853888, 15.609540061943012, 3.809265860130391
1.6478151944816162, 12.34137517469654, 2.8226055358213054
1.2461723017967143, 7.281525238545539, 1.5431300826473506
0.2840059204333695, 1.4167219110442166, 0.06237165103682898
0.37190108258749477, 1.969209704280699, 0.11112684800249073
0.8553062876419997, 5.825718752872622, 0.6794395596542276
0.7799015708567683, 5.134667928245687, 0.5553672039948536
0.5697230428714228, 3.5014044226221364, 0.2798954355554203
1.4147747870473442, 12.017515694702572, 2.031550144174656
1.5862536322236693, 11.420319294245498, 2.60053256663816
1.453392763701106, 12.530204454053576, 2.153325257717803
1.093259414835999, 9.132261946316582, 1.1607953492622698
1.8586364997099156, 18.319482990434295, 3.6544935164297843
1.0849589915267868, 9.355471688103972, 1.1416844350348658
1.015428761464704, 5.841263438995499, 0.9882128352700565
0.5594035132402237, 3.0909621543085146, 0.26897622253701575
1.6451146475671552, 15.908854111341538, 2.8126663033102837
1.4815328533328853, 11.292429299598554, 2.2443886570658957
1.4362705895012349, 10.529162592281113, 2.0988773508668648
1.6513099388090973, 10.27722602889914, 2.8354946753911863
1.80613303564719, 9.990750293602423, 3.43697730191423
0.7387541403445468, 3.639685623950936, 0.49334847379420005
1.1283971671136217, 7.832307752339459, 1.243566814792288
1.129679261370838, 6.645130999631603, 1.2466442151971782
1.3231270074841812, 7.466047724391699, 1.7573383493225427
0.6746967077355228, 4.547036849379622, 0.40470023918226106
1.0539632137380148, 6.880501387781035, 1.0718098552107078
0.9440859803756971, 6.435971299712232, 0.8429797346552316
1.195307883957107, 7.965628528143842, 1.4095669150639079
0.39831980286601015, 2.102850228058716, 0.12883458679402326
0.41212155331506906, 2.3330157059979433, 0.13866201921718488
0.889723643572019, 5.886271402028098, 0.7405873352849903
0.965258539524426, 5.060803908219037, 0.8847916340369139
0.7963720790958437, 4.171382827180767, 0.5813135151447326
0.6445613175719376, 4.332068048806027, 0.36629150870881183
1.5027618180310454, 9.818092651111112, 2.314386795639297
1.4160953608893765, 4.745184256686887, 2.0356533175015397
0.4153034661502875, 2.2414274875642715, 0.14098426235146364
1.6744146912327544, 12.507713613794774, 2.9214721544459614
1.4139426243542568, 9.837330737063684, 2.0289667390601083
0.4233564801065692, 2.278019458995616, 0.14695673245086097
0.9034905278744925, 5.230339069976341, 0.7658435080234928
0.39332794902705787, 2.085432793156987, 0.12537800698138635
1.2474996843123782, 8.447475063080853, 1.5467010111576363
1.9077379506222791, 20.40442868448926, 3.864127792774767
0.9154974182143407, 5.755606039762547, 0.7882436701990629
0.42778535917951693, 2.2765135519966906, 0.1502996964579214
1.7564659172535186, 11.012444962400483, 3.237526999897556
1.1563030536130525, 6.729447325418183, 1.311461262573938
1.4362462941464278, 4.715543351840241, 2.0988006087845457
1.7630552363570002, 15.960866428165644, 3.2636348639381496
0.539517669693037, 3.251355409235704, 0.2486064198702268
1.2451889638785953, 8.650205300727169, 1.5404875066145267
0.4841110647480829, 2.3354677972565043, 0.1964668554769256
1.8680765684413212, 15.387313196924774, 3.694330726713665
1.768085980323132, 15.695383813510496, 3.28364013776605
0.35274943972323297, 1.833949746135937, 0.09918575489649935
0.23057314694608796, 1.1905700939276627, 0.040063820829564376
1.303492329902427, 9.000839877226245, 1.7012938484743585
0.4744876843563963, 2.8029022945492414, 0.1880954920938256
0.433873713750261, 2.427425565997779, 0.1549630138580373
1.479816328157273, 13.708950885588322, 2.238777616695073
0.3967438776745961, 2.2641464738349604, 0.1277377492365142
0.7475657112525791, 4.361799827810635, 0.5062938570770492
0.25832488886921745, 1.2027285094041513, 0.050979154478167574
0.8244024396415621, 4.79339044216083, 0.6269515829856835
1.7739305539342896, 15.335145237249606, 3.3069607597315724
1.676152055674813, 14.959417759614242, 2.9279908778820602
1.7318852184396945, 14.218928785693253, 3.141087563838144
1.9609922422111845, 10.068082503242826, 4.098284010921056
1.0890545099789788, 8.20327542993844, 1.15109288144396
1.0438125225000403, 6.919558421843208, 1.0494373203110514
0.4435775797594484, 2.800657722605469, 0.1625583371663209
0.4289133194650641, 2.423538470170882, 0.15115772005342046
1.2178647515007446, 8.530946983835761, 1.4680114131627693
0.9854131839309019, 6.513445730407051, 0.9256033696217912
0.7805333061823874, 3.8707602230695874, 0.5563505355046177
1.3510499378586942, 11.45066413807234, 1.8386823645222141
0.6162071350267515, 3.756032775621192, 0.33205875799294393
1.0910573678617652, 7.290815533871929, 1.155708908674028
1.5961493692298285, 11.410063916747278, 2.635594751744791
0.11471382707667468, 0.5335505714918528, 0.009306790589613624
0.5749863735086136, 3.303276823458048, 0.28555671226894935
0.6666798852949603, 3.8317922449258126, 0.3942778173251928
0.630855313845821, 3.6225033745537325, 0.34951408981484966
0.7163190486690443, 4.338689981140711, 0.4612108277413378
1.8386101954864382, 9.095754312549415, 3.570717029197032
1.1959014978696776, 9.884885154637125, 1.411088904545928
0.7070925107907469, 4.476415866819581, 0.44833587237390476
0.3580232686113606, 2.1862592276553734, 0.10239950979662535
1.3107574296525466, 8.18909306176057, 1.7219200127721832
1.8418129803789673, 15.01983292478496, 3.5840482259637363
0.24449563507008215, 1.2794536752864174, 0.04536072174380221
1.8523113480106372, 17.78693902137653, 3.627925466322114
1.3724559382139838, 7.863486611486806, 1.9023477646611033
0.6899304504344737, 4.571394280427027, 0.42491551286401447
1.372346085148923, 8.93468083613598, 1.9020181462221364
1.3991785703130377, 11.523824314967342, 1.983417724527851
1.5019950647286624, 9.939335949655673, 2.311839124178346
0.4566335441501646, 2.598880878793949, 0.17309447139882728
1.1656671494906952, 9.548604056440075, 1.3346726620277736
0.5285141666338915, 3.0421619279540657, 0.2377133096479223
0.39159987249041606, 2.05801759322066, 0.12419347320748501
0.6619140435947999, 4.361283763982923, 0.38815231363460306
0.3245894985477856, 1.7360913352573883, 0.0829740263853099
0.36047933302930657, 2.1335039737939248, 0.10391545648152595
1.0259954672884548, 8.360177947500802, 1.0107759423526637
0.4617647182568665, 2.758042396906814, 0.17733535287183733
0.5579126335164923, 3.521474301416791, 0.26741843652507663
1.8033424920674797, 14.857514402295642, 3.4256084381689007
1.2116769149704214, 4.7672217903821235, 1.4518540663987378
1.240424261279168, 9.309803014941437, 1.5277168474700866
0.5830779630728533, 3.181169259165617, 0.29438173422971786
1.2702499513323846, 12.68598484551603, 1.608579685441992
1.158935376949303, 9.782398306386064, 1.3179643951102527
0.9437900264758117, 6.5495423826675125, 0.8424029745022394
0.4395855037699366, 2.3379402664392086, 0.1594094321954636
1.3858070786009984, 11.058441426331823, 1.942630849320973
0.147381186072836, 0.6843232027606795, 0.01565736756726282
0.24085223920033683, 1.254599593130823, 0.043939918422460846
1.9391217759761539, 6.699327031747327, 4.001265235886344
1.6804374479676876, 13.314437195189813, 2.944102074015298
1.3155772490529658, 9.292027299019148, 1.7356758272670496
0.6122161284262622, 3.694739759348148, 0.3273878074464931
0.8316423990676938, 6.1470126507396765, 0.6390435160091433
1.6163274689401244, 15.217221438878273, 2.7078426271039797
0.8552389839487531, 5.028221019940767, 0.6793227676002705
0.20397920778303055, 0.9815518679388244, 0.03093114417036926
1.2004026341889105, 9.395792324088289, 1.4226577733774375
0.2317707811538712, 1.1611257402082384, 0.04050540891084891
1.946977254624635, 16.228218645049473, 4.035975386721
1.4492152770983104, 9.199846321341724, 2.1399739746943456
1.59957160686203, 11.216323678818291, 2.647776888393639
1.8191086172885316, 16.648738516373474, 3.4900953001348745
1.7630998878462107, 20.47413290032034, 3.263812148255607
1.4049486370297255, 10.535535918077056, 2.001154850058183
0.27504136923065303, 1.3813424329135924, 0.05825195328707046
0.8876222285466464, 6.118997827333764, 0.7367722904904316
1.9853563785352633, 15.593997757894638, 4.207769449256842
1.236325730050801, 8.651424865151657, 1.5167765006470706
1.0310752224604418, 8.733733275354442, 1.0217196269191484
0.9078494494013518, 4.7820802942741985, 0.7739353624319281
0.6196334158790402, 3.838760574604858, 0.3360977394341116
1.0244215502350875, 6.820462213635556, 1.007397905893747
1.2266891472918646, 9.752435874437095, 1.4912164365944343
0.5879055070186294, 3.515192745331655, 0.2997172021025177
0.7162003279552203, 4.285854284639371, 0.4610438985653451
1.967018779936544, 12.585475580924363, 4.12522772637482
0.7412747848536108, 4.362145350569108, 0.497033003043258
1.9982506353504506, 25.382129149520438, 4.266311749637309
1.3464921330629027, 11.525970133473741, 1.825273029003563
1.8141899699748811, 14.809172493980117, 3.469910565248651
0.7812717176337225, 5.048279710700686, 0.5575011118927523
0.2214373125496201, 1.0554755040903392, 0.03678173770299798
1.1420057445770508, 9.768248502033847, 1.2764372731656135
1.5718332338262149, 12.813706118631028, 2.549874181594843
0.41152352013209753, 2.0967947916573766, 0.1382279317388342
1.6473366442142652, 16.911929027922962, 2.82084293346703
0.8103453923685793, 3.6833714324790163, 0.6038307383687916
1.9019889237586503, 18.23628449402605, 3.8392723692797865
0.46159575837254935, 2.498259285165282, 0.17719480732499732
0.9849939027009724, 5.5559416986747525, 0.924744307839623
1.2013031582595766, 9.158044327540658, 1.4249782991716509
1.4735574746528401, 16.017967051774235, 2.2183803460442166
1.2795905411738415, 10.229243190285636, 1.634355207367555
0.1130578621523487, 0.5348267801741464, 0.009031082972017244
1.203754116257458, 5.916904870756366, 1.4313041933872277
1.7523750432583665, 10.566271682749207, 3.2213726934032487
1.1976076536262192, 7.428802280723184, 1.4154682132653513
1.6422334893029973, 19.894200385132173, 2.8020823208336534
1.404328546865646, 10.604268140712147, 1.9992447442726289
1.0538296920684214, 7.290473781931135, 1.0715139346321292
0.9770455523957184, 5.028482113246925, 0.9085397815095133
0.330091895399025, 1.5887705418867757, 0.08601698544729351
1.2791060563632308, 7.596975985626189, 1.633012965558344
0.2046795026974344, 0.9766139496195785, 0.031155272207247578
1.3892608553048256, 10.474822477807178, 1.9531234434679912
1.1231198653141752, 5.4880522665003175, 1.2309422255437612
0.5296223837076223, 3.136737170486605, 0.23879825175572933
0.33589956997795634, 1.8538583829288533, 0.08929425787639274
0.3403717376281473, 1.8342798921153383, 0.09186390695701128
1.3500553796142258, 11.549088904096571, 1.8357519303980447
0.5007079558442777, 2.618374076578873, 0.21137792845173908
0.511576339492569, 2.9187938355051624, 0.22146885066662336
1.9746401746041085, 12.21422965730903, 4.159431508009788
1.9397738655068117, 9.148002694434854, 4.004140697812521
0.431187007873922, 2.2177858465772085, 0.15289547207309795
0.9872262961553775, 6.147376053777773, 0.9293231576780111
0.07713759767257243, 0.34761288688890907, 0.004112122540618569
0.2148989947514838, 1.0832538044805649, 0.03452615686988935
0.11851895535114598, 0.5662285419497093, 0.009956993674895028
0.2635054026534718, 1.259857683803589, 0.05317637572456982
1.4500169805524659, 10.652087750059312, 2.142532871196514
1.6616571400213318, 7.308401264880297, 2.8738346711661595
0.4407258995776814, 2.338584930907205, 0.16030549928216148
0.8093930981495061, 5.219261393198553, 0.602281430991674
0.9895705187503698, 9.194714022253763, 0.9341444161680398
0.7125887583386148, 3.6510214796075497, 0.45598153712308936
0.22214966667698607, 1.1050819477014755, 0.03703217566830399
0.14439469672120914, 0.6710096231372771, 0.01500370021726198
1.8368628554675355, 8.97507186513176, 3.563454710153849
1.8929808801764787, 15.557728702492271, 3.8004924812108847
0.660607289313798, 5.127513096369215, 0.38648191323168235
0.2116974999276268, 1.0726806332766723, 0.03344992968119486
0.4129016185550311, 2.160446180737426, 0.13922936410061254
1.6317394601274076, 19.357719057518402, 2.763706716807197
1.4996318372631248, 10.806277843579032, 2.303996064538845
1.6577553376956338, 11.118536048167805, 2.8593458797060545
1.6781377975070557, 15.412834230621533, 2.9354507208542215
1.171545615312552, 8.870770426909113, 1.349354155618235
1.08264501180088, 6.734978922417895, 1.1363867906721519
0.4181296230031224, 2.3067960391145577, 0.1430647095927786
1.1092434290723747, 9.241145247024228, 1.1980724248011356
0.4988431793951576, 2.7908959156875937, 0.20967257134793288
0.6888022920383621, 3.870646452270309, 0.42339997012709546
1.961166801939287, 12.866262293231989, 4.099063166642494
1.6290172921973602, 12.417237464861989, 2.7537967195657562
1.976802850961544, 6.966867142044803, 4.169163693358396
1.5955993824997445, 10.08203452240441, 2.6336396774884836
1.9534927448538038, 12.74288833137026, 4.0648814018536505
0.5617657416552098, 3.188058057788114, 0.27145465084829723
0.42853495058493835, 2.4328234972668583, 0.15086959998240212
0.4446005373849534, 2.2696206272146773, 0.16337070339816673
1.9184103964144892, 12.404226139292106, 3.910487563410041
0.29095847908652084, 1.4886145374673474, 0.06567320574162176
1.1585899151278694, 8.357169554400988, 1.3171099636810202
1.0313153292862405, 8.054337584619553, 1.022238463953125
0.10252503502939955, 0.4782879955218265, 0.007379665788159293
0.9067138989896371, 7.1987163890238905, 0.7718229279108456
1.8714525200357728, 19.024566167477214, 3.708631165727576
0.15406355215683354, 0.7713673084529757, 0.017174156075414736
0.2464862000918975, 1.2778349392218313, 0.04614740342934385
0.3614133236158629, 1.9230417675698337, 0.10449516037525827
1.3089262652778995, 8.513517315631834, 1.716708902934147
1.7898975612232064, 5.550112233415726, 3.3711045118287823
0.478036785888228, 2.7376033906924686, 0.19115947252763352
0.7729577616811047, 5.638514312940465, 0.5446210064802768
1.1574914722366914, 6.0175842175104, 1.3143951318868736
0.3040963484407304, 1.5595491570188342, 0.07216791220805856
0.09086087817683916, 0.41564087682071943, 0.005754664271296786
1.946624559451478, 21.330305391228926, 4.034413672155663
0.3105109909950796, 1.7279629127088592, 0.07546145084943172
1.012041564969954, 7.243720330725413, 0.9810377274440745
1.169319977611396, 9.168884596461858, 1.3437856193422217
1.6931291182214985, 9.108227407371698, 2.9920850055795625
0.6460068496910276, 3.4527660777533558, 0.36808611205110275
1.3840205864985526, 11.585234205246785, 1.9372150662145047
1.1993203938137638, 7.385136210716611, 1.419871631999122
1.0069800551676644, 6.482900675132308, 0.9703679861123674
0.14817644521973977, 0.7326683469325871, 0.015833945795873012
0.13725689925675152, 0.6272250338859053, 0.013501591759618497
1.3938679586862364, 7.551329195972511, 1.9671658328472792
1.6712765291313882, 12.918387707972524, 2.90971654743405
0.4694966072922445, 2.917352420369216, 0.18383275796391904
0.7288649288217235, 4.9185518665560455, 0.4790370647188751
1.6884514387359761, 14.422210324949283, 2.9743536782224034
1.064072125266686, 6.7981908775123765, 1.094340476882422
1.2866925067182122, 4.842752151380439, 1.654097393052677
0.3776384497695192, 2.1314513044790036, 0.11485004650574476
0.2628388752007985, 1.3240408537698258, 0.052890838048815995
0.23465511382874651, 1.1631978094934128, 0.041579739588862775
1.3647062077510879, 12.66333631522425, 1.8791676713604588
0.5980684572940127, 3.4511685399166727, 0.3111217028991399
1.0224038064089587, 6.404223433280871, 1.0030761345192245
0.8935336719344185, 5.840027227701949, 0.7475313991628588
1.7751399777328074, 13.144981506423319, 3.3117971339995407
1.8034395983482094, 8.889323320282745, 3.4260037302527504
0.7843912711289145, 5.8827059569699305, 0.5623761797713367
1.4931637006851086, 7.196425453984098, 2.2826005211562195
1.1197057877247256, 6.548957479971757, 1.222811325301353
0.48297123702292355, 2.7608730954208847, 0.19546482772059137
1.67485949041336, 7.580332798662197, 2.923140360221318
0.7994817488989263, 5.8586016588039, 0.5862844460102777
0.11900958493227604, 0.5509022249552992, 0.010042526059841354
0.6055922261053948, 3.5883031494073885, 0.3197154336983108
0.9730342894963961, 7.440089490508951, 0.9004201529652172
1.0086338547090556, 6.592265038453095, 0.9738473604475332
1.1705411971145037, 8.30604576159316, 1.346839597090225
1.4874801606007835, 14.524464756007797, 2.2638859569095864
1.075833341266199, 5.958898229759833, 1.1208681648264354
0.7518194090848196, 4.709209565302517, 0.512608473678048
0.4288824846327118, 2.5465099622276894, 0.15113422862354264
0.7866236427928082, 5.2416860746697065, 0.5658789581689702
1.5217883359065771, 11.416130876680942, 2.3780729127455933
1.352789483947722, 11.071665649902275, 1.8438137654999223
0.6223073458046013, 4.1584397068527155, 0.3392684429979604
0.3174584477424244, 1.6089728689719116, 0.07911980847783207
0.6250969416112826, 3.820338069494036, 0.34259370604835027
0.8455291811207337, 4.628249153164545, 0.6625869776009832
1.7466834296255773, 13.017131255744216, 3.1989665351117416
0.17659239518956987, 0.855862109972997, 0.02284711398123577
1.8663399146065274, 11.196721182193663, 3.6869853656692957
0.2177376650234085, 1.105078534194476, 0.03549591385061054
1.5190802629710056, 13.796632075776383, 2.3689535448803283
0.11260179563328652, 0.5240540287828719, 0.008955921515864676
0.942335676716096, 7.662316738911365, 0.8395717924265944
0.6222776763859155, 3.4242736290715903, 0.33923317190610214
1.9163813027808276, 17.93636819662242, 3.9016515805372736
1.3420764281944058, 12.573143974556674, 1.8123307753174736
1.3916126714024455, 9.307767930992283, 1.9602851799417838
0.9465382617478793, 7.228725524498684, 0.8477669398756982
0.9376947255871566, 5.060656464107311, 0.8305714772426812
1.6578996851974637, 14.295069593995125, 2.8598812197593424
0.34348064242862625, 1.5917044783069159, 0.09367390006744726
0.5303250402358244, 2.579856272771346, 0.23948755990724596
1.1522925718069257, 7.523497668254928, 1.30158613889385
0.144232362771244, 0.6962671489965236, 0.01496859631936017
0.881558078232705, 5.04572086703738, 0.7258225729950227
1.1055118986703427, 5.0585986366492435, 1.1893139222790527
0.9630658303940718, 7.226418716711207, 0.880411008024842
1.3687738556529998, 9.274468101971394, 1.8913158108168375
0.3344873567886377, 1.819740617416632, 0.08849114258514316
1.5762841227350983, 8.156946347680561, 2.5654549134818128
1.9538337029602437, 17.29626711765865, 4.066396979227354
1.3476915713001527, 10.661731087774921, 1.8287968653119826
1.1917019679060203, 9.426162088857708, 1.400340209685739
0.7452126099767038, 5.373737534511393, 0.5028189687832869
1.2593212241863674, 6.487737066288627, 1.5786951114297347
1.3976225500818056, 13.625465885356677, 1.9786486518863138
1.6559410049410386, 13.21026725899041, 2.8526214989631717
0.3319893622990905, 1.8224918671810977, 0.08708031657630927
0.22016567900368317, 1.0796981492322746, 0.03633697263764021
0.49352024435527403, 2.7088565160984595, 0.20484652062689493
1.9155440087227582, 15.434196528570387, 3.8980084526522987
0.9319286092655097, 5.2733581063717265, 0.8194616679389993
0.562884179227966, 3.302517298631335, 0.2726324660638334
1.9920957873100613, 21.811000784051554, 4.23831586125453
0.3530354210883292, 1.7859475757252499, 0.09935857973235283
1.6953335168346948, 12.757936973652022, 3.000459911722617
0.9221509606859466, 6.110548791969653, 0.8008063360450473
0.09329840568694209, 0.4347761621867018, 0.006076720615747494
0.1923595469677677, 0.9616865253550727, 0.02733976425334615
1.295343633988993, 10.655938108823836, 1.6783142855418587
0.14319401124021958, 0.6832341489588141, 0.014745097447173696
1.1215712521312728, 7.043479407266524, 1.227250535044183
0.8705028850549013, 5.072677948196814, 0.706088148533202
1.8318648820436456, 14.6284570786194, 3.5427240317304345
1.1278186343659973, 9.151001467760693, 1.2421794882934953
0.07505288463703633, 0.3405957063408019, 0.0038877171420845374
1.383554042159153, 9.719504639425773, 1.935802029959866
0.6060740468164183, 3.957778647033037, 0.320270154631868
1.7857491076427503, 8.114492531248505, 3.3543780600356805
1.3617040901246809, 11.872236763762501, 1.8702280321030513
0.25954887965412987, 1.3660775925101634, 0.051493717813618535
1.49787397522855, 13.985038805370033, 2.2981710726508577
1.2153242345974646, 11.458509415154678, 1.4613663357129552
1.5366178875124663, 9.81662137517791, 2.428333769985599
0.783084565258096, 3.7108315171737987, 0.5603313262266285
1.4252138060895365, 8.13629443536793, 2.0641032878410157
1.8436140816567699, 9.640277019395073, 3.5915563079399906
1.7800009448047422, 15.29851062567751, 3.33127240394269
0.7437350642573108, 4.306824322722311, 0.500643692997507
1.0522219121164673, 7.423573915347471, 1.0679540737140396
0.10364651297636651, 0.4804789071312582, 0.007547139646969861
0.1478228364382293, 0.7021390952449562, 0.01575530015599489
0.23687105910423406, 1.2090407673507129, 0.04241553041241649
1.2527750971817557, 9.72884727737933, 1.560935910538898
1.8974123242018632, 17.259958961300782, 3.819544709907525
1.8238483479120418, 13.087067424060788, 3.5096027895958284
0.9340362792641312, 5.513208309966867, 0.8235132790040572
1.6070200587381869, 7.808882981105883, 2.6743916949656588
1.5123951686432973, 10.9425746777582, 2.346519566872741
0.5748758996335248, 3.059509189719457, 0.28543724551640615
1.7350420850947499, 18.521637092437402, 3.1533890418423702
1.3528625409900026, 9.961730704183092, 1.8440294366853085
0.14788563483549833, 0.6914435544718022, 0.015769251757115015
1.3673874814539395, 10.17204637572064, 1.8871707667569926
0.1047383645281166, 0.4899983950677182, 0.0077120957225735665
1.4334594941274632, 11.277644753292654, 2.0900076118597615
0.12686915872954474, 0.6137103882308411, 0.011465804617474342
0.6824095645756048, 3.293205208371171, 0.4148679586006458
0.9112686539304065, 5.580697732896965, 0.7803147923451759
1.1259520297923606, 8.330705125816214, 1.2377089549511293
0.19504395914277395, 0.9175700751993455, 0.02814817170608644
0.8871823583371141, 6.125913499401173, 0.7359750659115479
0.511125842878925, 3.0919325142522522, 0.22104542754317552
0.8902940199436384, 4.996493045732048, 0.7416246662908491
1.9659065810193517, 13.198649723528717, 4.12024844206552
0.7373676806681788, 5.117507630079533, 0.4913281912176111
0.2722737571459446, 1.4267436317990048, 0.05701116687779068
0.9242111047145667, 4.864415989120651, 0.8047177983015699
1.5988580674959316, 8.983632565654965, 2.645234502593301
1.2603901448321106, 12.621275062298412, 1.5816050648900162
1.337704765233476, 10.552491511495662, 1.7995651214940824
0.33381661783996813, 1.7283467027283153, 0.08811109560868195
1.4975173718501948, 11.215772592361198, 2.2969903385357346
0.7436243274216854, 4.814496839325015, 0.5004808705346474
1.837839229789622, 18.48898985205508, 3.5675117936677836
1.996496712269979, 19.598167273176642, 4.25832424073279
0.8209905914426112, 3.7816604970460497, 0.6212965624460212
1.5230759918047283, 12.172598213341852, 2.382415445711728
1.1482905401366235, 7.389342615451401, 1.2917712202161287
0.7902231100589181, 5.5063906857395555, 0.5715516980098799
0.10016766536928345, 0.4650948566303784, 0.0070340873256705206
0.19910627217994792, 1.0316092690655563, 0.029395811002953274
0.8480474577490147, 5.718924829381862, 0.666905803906378
1.2293391124829038, 10.526027228222105, 1.4982223783835897
1.8533149464293477, 17.59605711770493, 3.632134312546403
1.1040933344078125, 7.010354226950807, 1.1859932776548048
1.2841093343937002, 11.615498767743246, 1.6469022240236617
0.11571363597399707, 0.5297639669750289, 0.009475380113541577
0.8913602634747657, 7.049554771933155, 0.743565919119786
0.9629683905215582, 7.995356906809373, 0.8802166118088989
0.5451847212909178, 3.2288519379108562, 0.25432155057449846
0.21073649877944306, 1.035466847882486, 0.03313048290117112
0.283904607030535, 1.424153882696753, 0.06232422970436771
0.7511709973089729, 4.799107770933509, 0.5116431544953182
1.0632203418120654, 6.641203693827067, 1.092432395938774
1.7483119662448456, 13.497449935025669, 3.20536936055715
0.540936488487682, 3.24017091864362, 0.25003057069108625
0.4053682979004596, 2.062359407132714, 0.13380366361154372
0.25789503883038156, 1.3166460805743203, 0.050799116157260994
1.4739612122662633, 9.48609842183111, 2.2196931741812174
0.8348789873398721, 5.583496994754835, 0.6444896129176588
1.5250987430597314, 10.144352840668143, 2.389245346963493
1.7557724488043833, 12.344971415864903, 3.2347856566094397
0.7515223373127782, 4.7476127115884195, 0.5121660869584168
1.7240031080233351, 15.412903590129563, 3.1104812549376355
1.0894428267861058, 7.561267071463795, 1.1519870754240542
0.5589744360710559, 3.895644540265732, 0.2685273797530684
1.6537153234310322, 12.326001635782827, 2.844383727999658
1.8162877597722094, 13.42597110521435, 3.4785119350424507
0.5755035661468804, 3.3466292987429376, 0.2861163711547433
0.9476442371886182, 5.52574667007193, 0.8499307259590182
1.4180963192390892, 10.816671994108082, 2.0418787562936864
0.113474639578662, 0.5028108979088982, 0.009100060345201732
0.07775509939923021, 0.35384148743785593, 0.004179855241114763
1.0357315252232333, 6.207926838832956, 1.0318063210225485
0.17102343607013826, 0.8167636467278769, 0.021363770685755956
0.9432759733283465, 6.659142537792802, 0.8414016825747993
1.2263439719034526, 9.095725532279381, 1.4903051409462116
1.6423783548197475, 13.080139964946241, 2.8026139941967094
1.2164239012306481, 10.644099659212745, 1.4642407154622414
0.5480267612083021, 2.830703999347435, 0.2572146278466407
1.4424452972590591, 10.657913804229057, 2.118428923429775
1.5065443188222456, 9.495523004015485, 2.3269761594300262
0.20299385442290888, 1.071303239011185, 0.0306172682808096
0.47444139570090443, 2.820444206293455, 0.18805571077089261
1.652969132025208, 14.087907390434365, 2.841624653601909
1.8268568902732238, 11.704569015231995, 3.522014177239414
1.212697256087305, 9.987049860912657, 1.4545118306321894
1.51720382616518, 16.95882941549837, 2.362645364429342
0.34534829251174337, 1.753746590152828, 0.09477058845377788
1.243755979296172, 9.73924736823049, 1.5366408419705542
0.8200135912192521, 5.236696417837872, 0.6196823278850903
1.168466287142497, 6.358791127950165, 1.341652921869188
1.9144570387201618, 19.573542615078825, 3.89328157275096
1.3199429833946352, 10.384541968945108, 1.7481852454141615
0.7775610957510826, 4.816435957855235, 0.5517323549402419
0.49229660311034806, 2.7289405269634908, 0.2037458509536909
1.9686836122875426, 10.855639744639586, 4.1326869007474665
1.0476075103756515, 6.600753813256906, 1.057772175885202
0.5471051886464067, 3.39134082792644, 0.2562745333168713
1.0858474908638869, 7.308792661377726, 1.143722055562603
0.10745335728203975, 0.49216516806403376, 0.008130447798826889
1.175205029811198, 7.277245128786337, 1.358536480054512
0.954964347959673, 6.258965749102427, 0.8643268432013109
1.4879605420439774, 14.274755445711186, 2.2654646403211567
1.7196537404848307, 11.86445885423143, 3.093658771075037
1.5094736584315362, 13.359416410988011, 2.33675032226499
1.3464645582089558, 9.653503634368484, 1.8251920585397092
0.1999663404839515, 0.9506010461916373, 0.029663720328866088
0.731185466188103, 4.085210046555941, 0.4823746835256575
0.12475075059607951, 0.5612566676097712, 0.011072315981891965
1.0063543975091653, 7.23841593601728, 0.9690534215115659
1.5751935352005877, 13.211323795571596, 2.561632665005941
0.284450878559383, 1.410554991649732, 0.06258015471102854
1.122441049545376, 7.976546561579112, 1.2293232935750866
1.3763516360522536, 10.363902714910695, 1.9140562735378897
0.8312025665700149, 6.0246906826698865, 0.6383053548244865
1.5034690454753294, 9.106422600525129, 2.3167379751802395
1.2707670553960302, 9.485187522619169, 1.610001010390252
1.6017528040128335, 7.645476632663435, 2.6555564729345846
0.628183029273748, 4.170395864539303, 0.34629311825292175
0.28944300031641534, 1.5361564032452368, 0.06494559292823168
1.153513512273418, 6.300755830875567, 1.30458831047073
1.125872987291858, 9.15081715687869, 1.2375198362113549
1.292753065931908, 11.79969246058928, 1.6710431774256502
1.750900537839153, 12.489885650252534, 3.2155602784218726
1.2603101220935615, 7.06970082391468, 1.5813871190314832
0.3415273107579031, 1.8409342569936036, 0.09253440887713238
0.5380005901713198, 3.0098042057892855, 0.2470885894704802
0.8098867975362567, 5.4535820207557055, 0.6030843715556383
1.1969975648836226, 6.064042982073216, 1.4139014327809851
0.9089705859484081, 6.915742446840544, 0.7760240328937755
1.482130729505783, 10.756989589481654, 2.2463447325525245
0.35294753338689405, 1.86221635449966, 0.09930544963118132
0.2146974002706804, 1.085383475722846, 0.03445784198566953
0.7329538868076362, 5.1262599938153235, 0.4849266740544306
1.7608420961997358, 15.52323905300231, 3.2548540256747476
1.6088634978577512, 11.21929101100233, 2.680999945097699
1.1352423332700758, 6.53285529250336, 1.2600439475408782
1.7126345743928126, 12.825646201972214, 3.066609259445539
0.2966238674551974, 1.6880744615661902, 0.06843270404828164
0.9281225806082558, 7.01682843293878, 0.8121724734191467
1.6959871768469041, 15.272606458672197, 3.0029456058244897
1.7040223170480746, 12.059823547414215, 3.0335878843553754
1.4376204627822138, 14.532600752150563, 2.1031435134935226
0.8243234439464158, 5.198167924850967, 0.6268203365494008
0.9957430957202473, 5.791910982089683, 0.9469031806038886
1.0409090363263445, 7.9029424918908555, 1.0430841926965815
0.3159897667062884, 1.5901766356055238, 0.07833850478984533
1.280162437674595, 9.984188796431036, 1.635940365028829
0.5855271578314438, 3.6250792147908872, 0.2970820399561056
1.6411803876491244, 9.99550686688049, 2.7982188822368688
1.0683479311879593, 9.133299743367226, 1.1039455160213765
0.3788557644412433, 1.94611059589593, 0.11564870799477711
1.878034252902018, 16.057644227414084, 3.7365928299111935
0.6460566167426423, 4.426763230261989, 0.3681479825209932
1.3717303246456423, 8.874893738093716, 1.9001710856475094
0.613173836541514, 3.4750102551038773, 0.32850537010923214
0.10074160796268175, 0.4523121352036696, 0.007117419884672389
0.745121200917396, 4.676424896847532, 0.5026842453478986
1.6042305856963655, 13.969767172659406, 2.6644082099178106
0.3433555799380425, 1.9288665381342942, 0.09360071393994776
1.968396765021736, 20.81628479638789, 4.1314012070985875
1.6049258576429768, 12.217393411356118, 2.6668947701285277
1.744870206918342, 15.9540241583511, 3.1918453514914678
0.9443354875227052, 5.46795752974184, 0.8434661432563638
0.07551936610680986, 0.3420047491895477, 0.003937360163990894
0.2520245814184401, 1.2884822219544374, 0.04837510434891301
0.36840037559563765, 1.9944753726259126, 0.10888826345710878
1.273810118458696, 10.006081265775867, 1.618378622397829
0.28961076673522923, 1.4111592424616413, 0.06502592234709946
1.6892726935839855, 9.157818553978382, 2.977462810287521
1.8720495107635575, 19.208728449460196, 3.7111629560080304
1.3719910677682468, 8.605043583053554, 1.9009531068879548
0.30335519020035917, 1.5969124472119853, 0.07179256615417519
0.3066968807231397, 1.5178083471113022, 0.0734934079321821
0.2262276654012005, 1.0811089853043152, 0.03848366113733229
0.9414500478723706, 4.576672045046047, 0.8378502465528136
0.687383501970485, 3.637612984372214, 0.4214981974967885
1.8585540933915226, 18.219717510356787, 3.6541467378835852
0.18405861225885506, 0.9202778677984129, 0.0249202868329277
0.33460087498373486, 1.7075440407071945, 0.08855555207410012
1.7392712850202847, 17.234298328896475, 3.169907966332589
1.2897955724607595, 11.746690346160403, 1.662762465468872
1.1653594081942709, 8.113519136476235, 1.3339064175501159
0.7373195276936697, 4.164804203753556, 0.4912581061251881
1.1805525755811632, 7.162079430734885, 1.3720139626306445
0.5303058023787681, 3.2078636848671094, 0.2394686729506633
1.7241906735408066, 12.818018540651071, 3.111207778975843
1.6763283022032682, 9.557105198161395, 2.9286525874291667
1.3754668285954201, 7.586529426929653, 1.9113936897006036
0.1478524046233124, 0.6903406912667962, 0.01576186834631936
0.4243319973849658, 2.295854263470351, 0.1476895038360542
1.2050248119150013, 9.342752518390855, 1.4345896678233332
1.7394115563601147, 5.889459466329407, 3.170456617454757
0.7158588124582215, 4.228623390564098, 0.4605638889173418
0.8359438126767216, 4.735403963372203, 0.6462868263146256
0.10861033762024894, 0.5012370034473613, 0.008312277460568918
1.867408182112072, 10.119463289115998, 3.6915028268631627
0.3512422685440834, 1.827293878601211, 0.09827767357725732
1.6177119601048153, 11.20971198910011, 2.7128368896550055
0.20777495234673063, 1.0556283407022296, 0.03215648409711813
0.7793400316176369, 4.971964375836387, 0.5544939296498403
0.3192962234698243, 1.7174079733844885, 0.08010346542238554
0.878911967217463, 6.236641742723233, 0.7210723273839991
1.25906729126392, 11.065845300011041, 1.5780042370398153
0.5212165540749436, 2.912996393296215, 0.23063680739056458
0.6844622966474985, 2.8414109530894045, 0.4175972822540153
0.61329988625063, 3.2104025349995986, 0.32865261480657904
1.8215248384521443, 15.00272518544949, 3.5000328455847116
1.2253328381735522, 7.304639517227466, 1.4876373426633538
1.2160396113292948, 11.496226687485795, 1.4632358949596103
0.26863159383583063, 1.2400165788164677, 0.05540054968528327
1.1526354409831785, 10.055147844598547, 1.3024288503017016
0.7207897546545288, 4.0260850065214795, 0.46752092845027815
1.7454863669014467, 9.036981777374868, 3.194264318019005
1.717973718624019, 14.702773766269015, 3.087173377574809
1.6750724302804865, 9.580941619124852, 2.923939158777786
1.7979638384962457, 20.924484513508965, 3.4037501184020265
0.5078790263139279, 3.071773976208681, 0.2180069268247518
0.5567707380315221, 3.3873611294151655, 0.26622865994294925
0.7212360198493546, 4.148434024698908, 0.46815336850412337
0.8740130768263992, 5.7467432308271285, 0.7123223305038964
0.863327060653688, 5.906961338450143, 0.6934357097999052
0.5554722504902874, 3.3541403437691333, 0.2648792691525137
1.5584593329779117, 13.719969896893794, 2.5033536079308707
1.9988239145157773, 14.312447703491841, 4.268924174206434
0.2525142374823959, 1.3123023225724477, 0.04857481907101894
0.10669589253582704, 0.4819472387659994, 0.008012556111644413
1.5745130604494304, 11.982467922338227, 2.5592492600519754
0.5871268997129342, 3.5833524190783135, 0.29885311399114695
1.5176180121639231, 11.725438507154035, 2.364037018009875
1.0305297754637637, 7.303456722333314, 1.0205415153000985
1.6603665087051678, 12.221075694943774, 2.8690379063190434
1.722504258268788, 13.911514553563265, 3.104678691294741
1.902607321383738, 17.88309363528362, 3.841942005293993
1.1299488823111163, 7.620791469859507, 1.2472918975721847
0.31870682771444414, 1.49953737819803, 0.07978726791806344
1.7331719686146045, 14.07631668080536, 3.1460986979335854
1.005780471255745, 7.463691222028767, 0.9678483873198181
1.2436217139976988, 8.058078707892609, 1.5362806834039586
0.7999036040023795, 5.229103984850743, 0.5869605669064141
0.7317669544076724, 4.47577672091933, 0.48321301404597233
1.8573343428359892, 16.602498934712024, 3.6490158164647193
1.0807707225506025, 7.186174889897706, 1.1321053847679678
1.1190358095645139, 6.405813402290459, 1.2212190747478053
0.6642979776649491, 4.2608434541017575, 0.39120980974988023
0.7478462065934048, 5.181651216817335, 0.5067089410674406
0.6631674080282692, 4.42457187669006, 0.38975817038642563
1.9732218457518944, 14.406570454450714, 4.153055269476186
1.1020574554760956, 7.779417845291142, 1.1812362110100212
1.6888249525792411, 16.294493696675506, 2.9757675306304825
0.6633461719859652, 4.169101467572737, 0.38998750492849127
0.49995884579359035, 2.984343711316306, 0.21069194513976913
0.32568204055362976, 1.8384710659870218, 0.08357343676255971
1.6031914045811664, 8.442714128817471, 2.6606939366205826
1.2298372049309092, 6.358591032419227, 1.499541161239042
1.3924308726589998, 8.118143423673713, 1.9627799730948112
0.8544060179435882, 5.25172839584624, 0.6778782201486644
0.6868857391317171, 4.411036253419546, 0.42083209497921764
1.215970118758374, 9.73480914682196, 1.4630542283871266
0.515594495914496, 2.494728968969406, 0.22526528033967433
0.48522251922309795, 2.900886633903078, 0.19744665980079984
1.1651094790854075, 10.284698391827279, 1.333284290883122
0.6242320139304918, 3.8195215463249927, 0.34156079028332326
1.3537177219160261, 8.970595859132475, 1.8465549924320372
1.667596629546479, 12.156120230656839, 2.8959627646145556
1.0543085829946317, 7.322518560788077, 1.0725754900812263
1.2812071575640671, 10.061398826946297, 1.6388381593133068
0.1820117351905275, 0.8814330594981874, 0.024342253812003268
0.961392879116939, 7.468603439856591, 0.8770766026563445
0.505022905589652, 3.104151944738767, 0.21535319280418044
1.3555451526556168, 12.455051834175334, 1.851957901798514
0.8278337599189456, 5.821494874674974, 0.6326668695232319
0.4233790949624861, 2.3772293613229194, 0.14697369711830743
0.7199232533071955, 4.543716813606486, 0.46629426724252393
1.1709572955962106, 9.402022074211551, 1.347880997594686
0.589652485344683, 3.894573351076001, 0.301660962376752
0.5853085793022563, 3.38951992105817, 0.29684050058184674
1.4817056814771674, 7.392982273957357, 2.244954008966618
1.9657552149111799, 17.01142415870518, 4.11957101861256
0.38036762481764996, 2.091349126177585, 0.1166448634303259
0.8797575779730742, 5.257121999340581, 0.7225885218471588
0.4514487523003303, 2.5083053139750993, 0.16886668191505605
0.8671275351296011, 4.503707913224375, 0.700121335083929
1.7138443126832035, 18.506269262241673, 3.071262446947727
1.3314028370371307, 12.487282452448744, 1.7812461042759222
1.1852856943742713, 8.914184660144219, 1.3840015965978918
0.5837694899797465, 3.0957234089512986, 0.29514279001427235
1.356592313179724, 10.344603263537925, 1.8550576194604713
1.9571974256449904, 19.656593619056615, 4.081364446561987
1.66454305641547, 9.354720761526137, 2.884575456535928
1.0287098207431817, 7.014782559877843, 1.0166158423477227
0.2788285580238897, 1.5347530035127885, 0.05997356881928252
1.9971914154698107, 13.419950199814831, 4.261487057805059
0.6707247117034567, 3.722323961925813, 0.3995177858324468
0.43609026938264245, 2.2036308952615826, 0.15668028744379114
0.4272825121381521, 2.050490145094359, 0.1499180554343969
1.8561224818272481, 14.979808510402501, 3.6439217519857507
0.9934478024016336, 4.9602435908192986, 0.9421479722301602
1.102923769411644, 6.56831081206321, 1.1832592121673111
1.6676380876740795, 6.710788575759521, 2.8961175286834018
0.4807034171349935, 2.7644225232325343, 0.19347957077559658
0.48855691203388996, 2.497996302421152, 0.20040222412260206
0.07568697951057791, 0.3444661496822694, 0.003955277878125854
1.5071117205031626, 7.591528253120319, 2.3288677141782683
0.5141350598013432, 3.107279398277952, 0.2238822680958969
0.15440950064152292, 0.7531649073848794, 0.017254728467987777
0.35405185809690315, 1.910124488478581, 0.09997417572577331
1.237070357948443, 9.35055353218244, 1.5187610813566752
0.12005056175105461, 0.5511787573718852, 0.010225287562032495
0.18243034970112335, 0.9029386586320415, 0.02445987408182685
1.309930632754237, 9.767110851766907, 1.7195660959076446
1.3032175736990528, 9.161797022642578, 1.7005163548935989
0.08540097124116805, 0.3992070526096107, 0.00506659639681449
0.16441607492097665, 0.8094180590379483, 0.019673145919058256
0.6139558910177338, 3.6259726818671876, 0.32941950972353445
1.675512394311189, 13.424682722692506, 2.925589947144573
1.2476088297184174, 9.411009393542662, 1.546994827860403
0.8061917244678345, 5.474222907377355, 0.5970888621853506
1.8535786417437286, 21.326707293047498, 3.633240602274934
0.6606567201135434, 3.413718718268708, 0.38654502801017926
0.4560845052863395, 2.1999036987026566, 0.17264404413473877
1.6161536497129365, 15.178356717674683, 2.7072159470142085
1.8860267197492258, 10.405435856037913, 3.7706929011072137
1.2003304980220693, 6.034406797207734, 1.4224719748616648
0.42380748692656506, 2.2399655962877816, 0.1472952618253423
1.7250835380964749, 10.694231117470528, 3.1146674370308287
1.4626838508357678, 10.673054140620943, 2.18317477333317
1.081746900327067, 7.3894432511084585, 1.1343341775425584
0.13046672914244778, 0.6096032017759346, 0.012150817608920129
1.7047775053243321, 10.761646806026633, 3.0364760729966647
0.4902755248828856, 3.0154558725126734, 0.20193503606551666
0.2728477358544694, 1.2523481024928014, 0.05726729368615116
0.9182132141865609, 5.224780360209912, 0.7933585041995321
0.15511315610249188, 0.7230439670488935, 0.017419235834808835
1.6764388025964914, 12.487350914136872, 2.9290674954933684
0.49653079323560495, 2.8186721675657616, 0.207568435063183
1.3139499913218318, 10.209534641351533, 1.731025195833527
1.1951100560842611, 8.786171326434774, 1.409059889336673
1.3761260290963213, 6.906091208068583, 1.913377187583099
0.663709071279575, 4.139822493612719, 0.3904532918730357
1.4948461252818492, 10.367824875472712, 2.288155721139245
1.5464659868904056, 10.744825270439145, 2.4620129022898736
1.17178266791235, 7.470199898603251, 1.3499479781357793
1.6283285004583505, 8.624023033358084, 2.751292105879513
0.37524428082281336, 2.0599610939122965, 0.11328815958465889
0.0706948363257606, 0.31377788131437373, 0.0034397701881539377
1.2969214105907223, 6.264796618311625, 1.6827508535071547
0.8638108036992467, 6.23355918762811, 0.6942847653466219
0.5764277488255785, 3.3373054495338486, 0.2871179371280962
0.742341209903794, 5.026639038701922, 0.4985963345052609
1.0844782936441906, 7.507497141327552, 1.1405828426901328
0.6616052877070495, 4.13242803085972, 0.38775728094525247
1.162190004517903, 10.378715174596822, 1.3260284733619414
1.400422983810624, 9.874463659730988, 1.9872360641007811
1.5162691379716926, 10.53901459690168, 2.3595064020234657
1.729553268392958, 8.111948181610273, 3.1320164855883283
0.5746439610576368, 3.80753163396555, 0.2851865158741093
0.8568446492373261, 5.652144359008054, 0.6821120354508428
1.884045762474571, 13.934152917987753, 3.7622262615923696
1.6580903799397704, 6.239821661504925, 2.8605885267267652
0.8659288536793035, 6.4320981129846615, 0.6980089285591959
1.9461756190208297, 10.832282971531264, 4.032426237596802
1.3507559088509253, 13.328117765917721, 1.837815762618906
0.7500583589294065, 4.756771488717376, 0.5099890273804418
0.9555891619245465, 6.692706761507926, 0.8655616478877889
0.6067315899692862, 3.955826541896046, 0.321028036554564
1.4508760955977373, 12.050317612111202, 2.145276783975107
1.030655736693505, 4.969940977307078, 1.020813514675595
1.4797875792749584, 11.344416220963677, 2.2386837035161933
1.549255757623158, 13.117297160703616, 2.471597288889832
1.105512331978681, 6.739796051601706, 1.1893149373419427
0.9423963436533951, 8.01953269396965, 0.8396897904237139
0.4803694130466118, 2.9878852068980546, 0.19318812589083412
0.8153552876288488, 5.448506755174345, 0.612016979516818
0.6061448533182352, 3.9202625295747104, 0.32035171873692503
1.7457138326917425, 15.544129459419558, 3.1951575587397647
0.3667247793741692, 1.9128230916473197, 0.1078256489975273
0.11778392705710046, 0.5620099786566283, 0.00982958070833797
0.6129123539546151, 4.062801286056397, 0.3282000351950322
1.2210276025794264, 11.880326067822491, 1.4763065197428231
0.7119913843965862, 4.005381358632637, 0.4551471314909699
1.8884286514237085, 13.856259416505605, 3.7809719043414916
0.0979647000679085, 0.4527242313871559, 0.006719029115206414
0.407395574318597, 2.0940353868144, 0.13525207472137574
0.41676805468295725, 2.280616028844141, 0.14206030721559165
