# units: none, Gpc, Gpc
redshift,luminosity_distance,error
0.4248427458278828,2.609173465781423,0.152168533758555
0.961878446853322,7.6589345440824275,0.8960190372869936
1.090436774151724,6.9112788502965286,1.176430431912956
0.2340165018445052,1.1400339807859126,0.04262085645039005
1.5448534247178085,8.974337155224251,2.49496819207897
0.700230268866259,4.661247094528377,0.4492346234985755
0.8136374882813742,4.793073535231199,0.6226918772569618
1.3544993927077535,9.425970656463278,1.880254778458835
0.8448247630049245,5.13136114978924,0.6757810526003706
1.3543931469521568,10.62502334229034,1.879936837411449
1.2177721171018416,7.179924140324537,1.494277078771754
1.5319677386393298,10.797679597763482,2.4505106778103345
0.4562134377989694,2.506890009453952,0.17743881303664846
0.3901199802591034,2.4106404764741787,0.12666121314476336
1.706394986286522,13.923806265399262,3.0874138707730046
1.794995296078976,12.906893656737166,3.439981426460706
1.3791165111507326,12.604892815429476,1.9546777395002222
0.7193843792723543,5.142403301089135,0.4763889070445889
0.3820876856776996,2.105215624320304,0.12112463110814259
0.724512894673015,4.793490450770023,0.4838064304295612
1.8577811794486505,16.20997175084152,3.701685686272942
0.9084445461916943,7.15456181999566,0.7913572746644625
1.6421286865507476,12.487725665388467,2.8439297846182012
1.608622285236568,11.27887401728042,2.7210681967852968
0.4644138074520031,2.4213809763027827,0.1843969844597692
1.8142017811310749,16.808427303798837,3.518993190088452
1.4747864409869174,8.97805550947522,2.258214620218468
1.482759167214684,13.370893358380291,2.2845379380668973
0.8151793865763446,4.564802326440622,0.6252616688288429
1.0271939881673025,6.153120552567285,1.033420145028977
0.8861113445686051,5.125719578884737,0.7496693038359367
1.149092034536748,6.21635386621148,1.3178680723037846
0.2082159521737683,0.9771448016411516,0.03331618810926941
1.834683429698776,14.53284954742706,3.6042652871772627
0.3664256870333901,2.1573136836869056,0.1107180292252214
1.3741679061183805,12.585758300260077,1.9395960884617147
1.7514566527785544,13.600607950651453,3.264280626858754
1.2730444717370517,8.915851521027118,1.6447264455976054
1.5254215059055662,8.95470567233739,2.428083600627867
0.4507821876451942,2.567735075357552,0.172911029716285
0.9715583959618608,6.456887479707196,0.915723786785171
0.7345504246822068,4.354590587554952,0.4985040514586576
1.4887796124639547,11.048593828378404,2.3045203065185476
1.7317787043564687,16.793636198482353,3.186421836547865
1.1008671438341395,6.553074221820975,1.2009615951314885
0.6195777360677812,3.7110545098357575,0.34432418293135414
0.8464076097289928,5.412706538236329,0.6785379133504563
1.1050869503198888,6.735761122344605,1.210962290504691
1.498209928468047,12.359372128445196,2.3360016662371734
1.3806079325953835,8.740577822437766,1.9592350159168188
1.2752584375099736,8.745749492066752,1.650910502888087
1.4620838210174387,14.04675424265794,2.216601550331225
0.8182955028463669,5.048007255663618,0.6304725404885815
1.196310167228645,8.186297948960933,1.4378976727888069
0.8064881333508346,6.250284939013254,0.6108510110368156
1.185240947078897,7.427794541694638,1.4092648782754214
1.7574651394942038,18.387310403456382,3.28824662964945
1.5347359894479713,9.90986300843946,2.460026676152197
0.7091492196312462,4.330938777246729,0.4617711709864483
0.6474151326691993,4.346979861204504,0.37882154799644546
0.9657543631599332,6.732706868964215,0.9038814901818986
1.102648798099057,6.263733925738233,1.2051786605068793
0.9593215467771248,6.770293501247581,0.8908523330515096
1.014945696238004,5.841388427333968,1.0068583903957637
1.4994187570737267,12.945183574414637,2.3400531234779702
1.24843356269776,10.844107090216331,1.5768015323807434
1.9500822320976852,7.869836462242493,4.104291129902388
1.7165843198340172,14.527910362641116,3.1269638025306254
0.2546788897859801,1.3324337850356156,0.050976346163955376
0.9328947079985824,7.283592303853315,0.8383856169342984
0.5622368211803668,3.2797004845337003,0.2788872464502757
1.2908925870343926,8.971254769199838,1.694925895627099
0.6478795920933798,4.469640606546848,0.3794123757688156
0.6619679486687353,4.156403348909356,0.39757250778424064
1.8688360018949703,11.66562067694018,3.7487835040934216
0.8990749835921457,5.779011633318046,0.7737204098160739
0.3392227498039462,1.863000495851642,0.09385337028028026
1.3366941457869177,7.688819226706745,1.8273638629457574
1.368405071697716,11.983548837277526,1.9221096462651859
1.9055177360985176,14.285350065224204,3.9072487783486034
0.1729369007887916,0.8501768306485384,0.02256936851697216
1.2448211555163535,5.418552880192137,1.5669578112688336
1.413503408492886,10.121119668829625,2.061158345435039
0.1963161826928157,1.0119715976283354,0.029439337072025114
1.1622583977118406,8.527050208526992,1.3507832931895585
1.9170432258575991,12.896110821960017,3.957733011657793
0.7661477777415995,4.887897197272171,0.5463314177882954
0.7962728969148223,5.18561755135998,0.5941449962734097
1.1725937913004434,10.128091709745538,1.3769212793898706
0.7715721698632904,5.863806478697029,0.5547809157238193
0.7242753007675141,3.95024658710577,0.48346141786020985
1.4210268975870397,9.552724981634332,2.084847163567583
1.9810236377208927,16.91413931761001,4.244019022346993
1.4161849750677968,10.039919607081265,2.0695855100396767
0.7155081889242695,4.83340629170987,0.4708238895538529
1.417933763601504,10.47683971439808,2.075090934300113
1.3485061175527342,9.75442083871658,1.86236369085555
1.2116730389297878,8.837148434242664,1.4781391753123037
0.9124013025447396,5.493572573360739,0.7988693071402302
0.8066438062674381,5.3248272947948845,0.6111075332029052
1.0503670225134727,5.8500519795872,1.084680262071221
1.6453017217701404,12.026166520858558,2.8557097402561666
0.3336532660232928,1.7239099224883925,0.09058810073875484
1.1778232607223589,7.510079326138415,1.3902470774011126
1.4805952059307133,12.491341653591656,2.2773776078370425
1.108368716670507,6.970087826493745,1.2187702161926224
1.855817128652284,8.8432559520196,3.6933499988837797
1.095770859811427,8.212112462756327,1.188942180286282
1.1731917541309242,9.66661863030387,1.3784415927919371
1.4151821310255148,9.747873976186735,2.0664318516530846
1.9907084434634748,10.62536527089724,4.288246496094118
1.1497626278053106,10.885816095244714,1.3195341729110073
0.5480600507505863,3.20268147581411,0.2638647986014491
1.274316911187357,6.675318231298892,1.6482791426865202
1.7741680162227842,9.74938221398503,3.355342495434009
1.268958688074401,9.976237251712869,1.633345932345708
1.9428894822740408,12.449953228580432,4.072152383976542
1.599458057438193,10.1748416692752,2.6879519812381534
1.596243687928548,12.388925570570326,2.676385982088403
0.9264200152723148,6.8843665268922605,0.8257904549243459
0.8191851846554774,4.543401381297287,0.6319645746270691
1.9901364862504796,24.91968469533436,4.285628028062326
1.1972654241788798,10.41726556459235,1.4403828456913257
1.3112013238998723,8.198592877363698,1.7530073055528712
1.0538487113902923,7.630855335925623,1.092495899063624
1.6246574095536204,15.632396608930089,2.779516830445377
1.6150793660272962,10.360286595634184,2.7445274367444625
0.7865732378190172,5.0727976071160095,0.5785133737690218
0.7014530138569697,4.353509560941542,0.45094224302122604
0.2697353544685772,1.2940761129992209,0.057580543382315864
1.445142604262638,14.815243802391011,2.1617278870796643
1.3306784329081065,10.082930248528273,1.8096719903566432
0.1314077870116881,0.654795059021081,0.012739093549090164
1.2922132061913076,9.853271035260365,1.6986716536539237
1.510938179655239,13.79308941532452,2.3788436253981677
1.3135037436792982,9.515603419942838,1.7596566457844987
1.1647134006134283,7.717708280242287,1.3569680395871833
0.6814487116012552,4.603695577729859,0.4234468498434353
1.3173733266306304,10.38689168121755,1.7708615615267318
0.7013697812847611,4.489693442685715,0.45082589329639927
1.890354959856518,7.412649602786547,3.841337959409047
1.0451818260450054,6.698737631803619,1.0730958138203732
1.9253716452458085,14.567363155480988,3.994419959067682
1.2225101782406125,8.433236891695405,1.506877346573313
1.3948152528170663,10.38349653959559,2.002924939418254
0.755979373818688,4.340997972219259,0.5306810610691539
0.9785193118945618,5.321925407503032,0.9300350530043282
0.7314625918169079,4.545495806747339,0.4939572406426772
1.326261692590001,11.079390999304062,1.7967398132550085
1.5610846905609153,12.10966280734748,2.5515569772657254
0.9363083023978436,4.721878514016627,0.8450671271673492
1.6514171280843322,13.12177928686114,2.8784841024471257
0.9594267449258834,6.612086631759045,0.8910645913082157
1.2620573952606011,10.660590168199594,1.614217119023884
0.5541805471901599,3.185484658631535,0.27029456249491873
0.913971949334606,6.163251832985912,0.8018617751657482
0.2742526021497306,1.3870449819677466,0.05964767708988412
1.6120030703244843,10.877704815992962,2.7333379786013516
1.5080057751007987,11.255115044098602,2.368937702130834
1.322978132092946,6.9948136516281085,1.7871569655433341
1.7425317644601717,11.401856854166033,3.228848247537263
0.8475750091901828,4.398416447984931,0.680575055134771
1.052055508392172,8.86422410513695,1.0884668277111498
0.5757908314538354,3.976382540703435,0.29367638909946686
0.5787502401481961,3.507065248364156,0.2969611267843045
1.01029117144502,7.394036774271944,0.9968609652296817
0.6189805441852294,3.680534737221188,0.34360376523404007
1.1133935115536635,9.266999800912828,1.2307765618660196
1.045894461425443,6.6275346186764414,1.0746840261726676
0.611913256499907,4.159872823238646,0.33514068280828474
1.4508869622049203,11.26906099921172,2.1802542088709354
0.4874659662503114,2.558560765396736,0.20474703627887195
0.676096292126137,4.247329624847179,0.41624931036433277
0.58896639470262,3.4074579466599464,0.30845403990062387
0.9809208668136832,6.314032569750254,0.9349999906347857
1.7927005003675076,13.951612267494657,3.4306026556349307
1.2305688723760757,11.327721467315994,1.5284360890283093
1.2944232387837065,8.339449192303412,1.704949792048805
0.4516414323078852,2.505138669477392,0.17362306665772395
1.5864040404627222,14.58236644689533,2.641140816533475
1.4558310086937172,14.897467555199952,2.196265156445139
1.458200412997784,8.550970102479441,2.2039598636271855
1.5474263454808044,9.615862252782296,2.503894675125851
1.3487205809707177,8.931985559467781,1.8630023664154056
1.1797088105035003,9.81457973357914,1.3950684404208835
1.7064551193601576,10.44740819039583,3.087646517961037
1.5669166673229258,17.189856083173044,2.5720498680866353
1.4464907208052824,8.466733045260927,2.166068370667682
1.7140015856448538,19.269105579930077,3.1169144128141597
0.9790504639432938,6.566588046357727,0.9311319345320273
1.4831817187092489,7.753623209121798,2.2859374785774165
1.5224681746216715,8.76906657444325,2.4180005606919246
1.6593781419782485,11.963441703118866,2.9082713608245356
0.8083455338931034,5.1559779705231135,0.6139154767926145
1.6641110804596393,13.53091384369934,2.9260552065031233
0.7940329966093792,4.447303236326605,0.590515265598484
1.6423974223265052,13.768355471355534,2.844926498728676
1.2163443594807095,10.028166951754798,1.4904910373144322
0.967449159134006,6.9191223110744495,0.9073309757420825
1.0436053088484247,7.941255803133725,1.0695867452858174
1.2425477882606388,10.964034398559653,1.5607795182197306
0.976122041699262,5.746762330690576,0.9250930305805517
1.2886198428137596,9.872423835789672,1.6884896934999714
1.799625099114418,12.872001171329089,3.458943318581337
0.3689479716035301,2.079379987195226,0.11235935419589933
0.8556414027851287,5.571346785313153,0.6947409360483485
0.8248619651467282,5.4480253007381005,0.6415295536232335
1.019940936614267,6.475258185434916,1.0176467008253238
1.615993474464536,13.713535321088235,2.7478568826597853
1.5316639016460345,12.203216252687916,2.449467385418673
1.1036438820832684,8.600197622284664,1.207537366514158
1.4884300897132203,14.495502330283315,2.303357744065688
1.8435367128268831,10.355450623521277,3.641448724294111
1.7131509229962274,14.896420845733148,3.1136081361517087
1.6071832376770254,9.102790823241572,2.7158541467479567
1.5095312962631842,10.893290170748138,2.37408837652841
1.748950673268553,14.047343314982106,3.2543116627149518
0.6614267902101145,4.235509198744067,0.396866401528042
1.9496164645474805,18.17715316775321,4.102206064394312
1.0877689621145048,8.951891794433283,1.1701990358154915
1.9102739120998704,14.788365292610928,3.928041672074382
0.8784725509425484,5.786306444605867,0.7356878867192189
0.6121895302203076,3.898615610864014,0.33546935799379596
1.372006383521447,10.798732102708373,1.9330276057351388
1.9198964880370224,18.59194308097585,3.9702822003588905
1.8929081335986864,10.13685615127508,3.852396091403991
1.9706036987917053,13.407363948348188,4.19669640113718
1.6738860898472212,12.919807479570448,2.9629612309411946
0.381248435295171,1.9525415046629235,0.12055397185938174
1.601434632693197,13.277785678191169,2.695076911017174
0.8466130705382529,5.189504001740657,0.6788962094526279
1.7749674826032804,19.99129600272317,3.358571428449623
1.7687543906301575,13.878659355956168,3.3335195824980457
1.254327336069093,10.616308610668648,1.5929313403217749
0.6150899573878484,3.760997696340468,0.3389305334262449
1.5212598560163977,11.491522160531655,2.4138814714960524
1.1990261098624917,5.9790926720690285,1.4449693172029436
0.8184685686042765,5.247985171778484,0.6307626301734689
1.150757885339208,9.05354667910574,1.3220089545121403
0.883024883563358,6.215499121762711,0.7440030904072538
1.020281698657536,7.596127579086048,1.0183848792852452
1.5000125720424422,9.433297583131203,2.342044660203956
0.9244627925998594,6.178561313198645,0.8220031619000344
0.9090306505273846,5.887617384691183,0.7924676142985994
0.8676862988970726,5.06264566902324,0.7161860770835665
1.9792289373278504,12.88922505622475,4.235848952903613
1.2825475449481265,9.866109303871552,1.671356356600284
1.6469025314765642,8.799243053688972,2.8616623022926975
0.9840680133656676,6.804092508700431,0.9415276953185061
1.0856822095914933,7.57507875277763,1.1653370741643585
1.6411732142087998,12.943360020244013,2.840387491081349
1.024515073436725,5.679456279950514,1.0275791989630987
1.4417882051261453,14.566955560958316,2.150947466938544
1.1702635573114597,6.604820400467078,1.3710051193474275
1.2328979243975682,9.417870524772994,1.5346967629110597
0.9294572168011254,6.512218747381479,0.8316859940371415
0.6353785413920797,3.3718964243340084,0.36368486853740534
0.7508422826584535,5.33571346231929,0.5228680047559473
0.5753385153408067,3.4007629002159643,0.2931761092843133
1.0200251895424917,6.008947437027091,1.0178291879038497
1.979693597511536,28.41084763250249,4.237963466813028
1.1253180297301555,7.711156132947941,1.2595183906638905
0.984159648651886,7.642678652392618,0.941718124903993
1.2646275109585694,10.842625722151936,1.6213270962140864
1.3242138111239037,8.777895178438166,1.7907600693298826
0.5242462871063178,3.0836136684873585,0.23965148445456308
0.997993197565311,5.472096742478235,0.9707015453934534
1.4767850239371243,11.073889698331742,2.264798425340127
1.4277527928716276,13.41074277535374,2.1061438145417632
1.449282865486454,10.6515597066935,2.1750725211032247
1.750281324593104,11.511576012402816,3.259603137154783
0.5461854912943742,3.2411908230855966,0.261912458736934
1.0991269630015443,8.489651578307061,1.1968502439762678
1.2091662441351854,12.271754554397893,1.471533001634104
0.7682902594386496,5.5542659137689645,0.5496603514079346
1.317720145427999,7.69460278789917,1.7718676385660082
0.9554334047409996,6.393721901981492,0.8830261702202132
1.070129793781443,11.121100966133842,1.1294387842220233
1.63643899574851,12.990253785200672,2.822869541889946
0.5867886612367149,3.507008964979516,0.30598413511271494
0.7797237010786342,5.382310689173408,0.5676104021743805
1.2294605967126015,9.617455641481625,1.5254616749430912
1.4857947640820337,10.41461850267886,2.2946020652703414
0.851067973967135,6.168220435942282,0.6866899938621684
0.5737246179143277,3.603664259097044,0.29139487415326465
1.6971398011126322,24.98732689503188,3.0517142432478335
0.2891150864384159,1.6096343527717203,0.06673078377870628
1.078729064591924,8.266000853830906,1.1492141735231498
1.6266122207893077,14.8264516959776,2.7866860122879533
1.3105708182561735,11.42881865664917,1.7511887133596882
0.1943135591049104,1.0605870498185672,0.028812294889034265
1.714657190723936,21.741667938085115,3.1194637892662906
0.5767170927996158,3.0809922936757763,0.294702327099192
0.952987843077825,5.304515368787674,0.8781225648028361
0.6544762528778378,4.3599834661414,0.3878580215638647
0.8082250023367876,5.052471163792106,0.6137163646290236
1.0803882669528126,8.134287984142308,1.1530507111179478
1.350798911528697,13.05472785108424,1.8691975870897028
1.021841516697486,7.320423376305999,1.021767481403126
1.3696428286869242,9.132258944360292,1.9258584719841223
1.5433170283358175,8.90039065785212,2.4896456855026026
0.5652964333274177,3.1236888349764977,0.28218916033583225
0.5462983385088679,3.54424103706354,0.26202976376037124
0.3764367699330381,2.329726441911763,0.11731073015125032
1.89358870083079,22.44611371675548,3.8553464668015995
1.8771601952750037,15.48433195008895,3.7844492318034897
1.0979660371283952,6.874905111162858,1.1941115888487532
0.9626860303393686,5.8651005953531365,0.8976542290144299
1.1923063057530734,8.774496370298865,1.4275058844537039
1.2158255750405933,7.831707179232975,1.4891166060178915
0.5957754621325783,3.930883535100548,0.3162466974396252
0.3883166037657962,1.9823884815247428,0.12540633776658022
1.9308672712342416,11.486640285531353,4.018723296662137
1.443035030394748,9.614791093256969,2.154951264782719
0.332803422075814,1.9693423649747372,0.09009542137123921
0.9404453507609078,7.456422445802485,0.8532027004337847
1.9684952012323411,16.52833379582441,4.187153595572236
1.8994620878605424,19.43904302903785,3.880856689331023
0.6821981455304665,3.763274375270447,0.4244599907163877
1.1990445115415154,9.275209986013456,1.4450172928755929
1.104483989099032,7.433221647629459,1.2095306208956422
1.5080595855876242,12.367012566542904,2.369119285916734
1.6439697777564124,13.277669017444069,2.850761815636275
0.9323629579570554,6.6523262345508325,0.837347363252129
0.8561310538487706,5.927309563481874,0.695605895959419
1.6901207430563032,14.41083246540684,3.0247823614411478
1.009639222886798,6.860357473269467,0.9954648869687586
0.8121296939087954,5.456929742347364,0.6201844427278793
0.9994549888588762,6.120545827582097,0.973791577356855
1.4925304328030573,13.419217721314608,2.3170152102887864
1.7460848397988022,12.595779974329028,3.2429303770370836
1.8212638468024929,9.475449177408017,3.5482766883617005
1.8837903069718287,11.729426255662672,3.8129803456852525
1.8768491412458788,12.357208735888983,3.7831133810620248
1.442923854527891,10.709052219126832,2.1545941004589197
1.996386918077744,9.99306956128446,4.314287421392568
0.7601813218622478,5.093018935568422,0.5371185106075602
1.4957442793349929,7.021701539281699,2.3277491808893074
1.7963524005317308,15.694229425638705,3.4455340617972787
1.630963311422506,17.520588294422858,2.8026776321611777
1.0202812346728098,6.682783891680175,1.0183838739811366
1.4296683758604605,10.199305239862303,2.1122298382484224
1.1689652775234245,8.981300364085453,1.3677147776066831
0.7737153929230355,4.920730826046542,0.5581387178528239
1.433029194976581,11.131003131142274,2.1229295941127337
1.0346153257574675,7.112038462517768,1.0496931225037045
0.9522071139392214,6.520924855614375,0.8765601930060012
1.818476264009106,13.191651619693433,3.5367028502885565
0.6496491038593624,3.729313085808804,0.3816679266862211
1.8705057428221876,14.83695669177108,3.755923777737537
1.3301413993990363,9.51276230757918,1.8080969742437718
0.5935073667490166,3.955452270531507,0.3136391683162168
1.4800354058154244,9.570305311413716,2.2755271830487978
1.4954530526333705,14.261478209569038,2.3267754494242383
1.5813011342505294,6.585219780394604,2.6229574300941203
1.9287606329863003,9.92765210024581,4.009398176817949
1.8830518441316155,10.15106897453185,3.8097971120079728
1.308504369046572,8.022683653051525,1.7452352888613438
0.4595685145086131,2.8118035070829124,0.1802679094659314
0.712288553762769,3.67662901844278,0.4662284492741271
0.6773410149282885,4.318234917473986,0.41791713410077075
0.9529989027585214,6.616771499289476,0.8781447077817591
1.5357536245321926,12.861724430400876,2.4635296439267944
1.8967892262722856,20.681711507092707,3.8692368084538953
1.3393509862554651,9.701748506828038,1.8352060908288839
0.9892359838359168,7.429815923167686,0.952299459317351
0.6290298703821603,3.938657732646936,0.35583643033046797
0.9761928096654198,6.9864126228493415,0.9252387190634777
1.7893038048750949,15.834272345539832,3.416744572568954
1.6563940099481342,12.156771354796971,2.897087297376795
1.931790517301742,16.520954742014112,4.022813578689864
1.4269513278666146,10.281167666795332,2.1036001777262565
0.6246779820870012,4.229235375576472,0.35051038276003993
1.6421971752317623,15.62466857781326,2.8441837851923815
0.9742061744326256,5.388987174704964,0.9211535256618897
1.130025966316574,6.786553432520728,1.2709625549998658
1.1492235698494064,8.212029261678312,1.3181947865281647
1.7186521758994031,14.05040981477528,3.135021799784685
0.7046473251968505,3.956151728784866,0.45541985366762705
1.188916327580514,6.931503678472841,1.4187383933255935
1.9233795892979952,15.457316478214448,3.9856291181102756
1.031204220033098,7.868503185346029,1.0421967139937804
0.970285081688636,6.468190378015008,0.9131187277701124
1.4663050949869771,9.488126776615651,2.230385660095077
0.4390111208278066,2.5508848581976893,0.16331799998741778
1.1731347790822662,8.308220704346144,1.3782966963149286
1.3873231614214283,8.78199911529125,1.979822956641962
0.9678063226928962,7.901897539792083,0.9080588195882204
0.8883468029227929,5.913640077611337,0.7537876303679442
0.1606674450164175,0.8253671972526192,0.01935335254545811
0.6855927094866485,4.441939104981356,0.4290655077846741
1.7298477848300668,13.469599853542505,3.1788339023059087
1.8869786339101948,15.015361861823768,3.8267396531838216
1.8902093733313607,16.970236607553932,3.8407078957526966
1.13186631860036,8.346857627723397,1.2754509922664308
1.4254636201470694,9.584069142990105,2.098882824187248
1.7514538553632195,15.927786013132303,3.2642694898074214
1.4525309158974569,8.730716462240133,2.1855712884451988
1.8205024148117988,15.748212211845738,3.545113353274816
0.7908614424083987,4.698448419207411,0.585396336186878
0.8040511032816111,5.842667308651313,0.6068427786113894
1.414431680717818,9.129968267599423,2.0640735355403397
0.9869552101172748,8.955231275832807,0.9475375189625346
0.776676409240957,5.658881718992858,0.5627957892255173
1.37192020048905,9.752940992658417,1.9327659515235993
0.699624573647768,4.178562867373269,0.4483900454725809
1.087107103753259,6.656331400892404,1.1686557994984654
0.9294691030195612,8.067884391761696,0.8317091105702802
1.8322922010883416,15.28946455450968,3.5942557885798374
1.2775393933158137,9.675340048502314,1.6572943896114
1.4434153390519144,13.804923857187813,2.156173279383254
0.8808101029588793,6.84626942108013,0.7399513481554498
1.3868424586557826,10.06080215677069,1.9783454654471648
1.0242423005606904,9.028780427830348,1.0269854485072853
0.7497669505296943,4.671529625061927,0.5212404595314689
1.1645218500101782,11.103489818318693,1.3564849416468208
0.6915093229558019,5.65688119945075,0.43715740517636714
1.2119306965845942,10.90215754511827,1.4788190637972514
1.394607191259803,9.3730802933827,2.002281494596847
0.7478965817618658,5.633490623574564,0.5184161484026885
1.4165715497408926,10.648486371716771,2.0708018449350645
1.1217212247268025,7.223333812353013,1.2508120309226185
1.3326403833680815,8.293231591127533,1.8154321012980992
1.7957833332173756,11.640208068645851,3.4432051454631427
1.5594172275375515,7.67719004049813,2.5457132800651623
0.6249349338988132,4.676714604680547,0.35082363578592696
1.5498850627192873,10.726165200058723,2.5124403469367684
1.3165991025484072,7.334607414766225,1.7686167136041429
0.3933236323780899,2.302473705775249,0.12890738919162886
1.0321606195367286,7.705300802565951,1.0442956629405764
1.2443392400197106,9.12620008126991,1.5656470478678264
1.7263508296567194,13.217305137210811,3.1651155906652444
0.4965482694018953,3.0270903130982934,0.21308653315390774
1.098885342278552,9.360454843329922,1.1962799806633517
1.0406236812089498,7.118400169711085,1.0629668163497603
1.9756345569485096,16.107950369965792,4.21951036793252
1.2354756458733644,9.233244059091408,1.5416415437961184
1.781691316723639,12.038401844218644,3.3857911693355502
0.9430757944667844,5.025032083022386,0.8583971899388004
1.5251249412013008,8.720504260598654,2.4270701109223642
1.0349984702209163,6.791545291332563,1.0505369226360737
1.986217747934648,11.411244760819452,4.267709725246345
1.461137640846659,10.025691114682784,2.2135179854090623
1.6365048992549147,17.089262989873756,2.8231130201044765
1.7206089430331415,10.258472279441968,3.142656727968818
1.9529310651989504,10.204402135465047,4.117056083926928
1.0361193079158482,7.206415120789482,1.0530074150859612
0.7898685002517574,4.5811259097079375,0.5837986606801636
0.9367761800812868,6.36712154602254,0.8459851260435102
1.7177548537908984,14.181512938144952,3.1315238156770757
1.2718456521041648,11.630766237187238,1.6413829708977528
0.7053892072317268,4.647844882616008,0.45646322182523263
1.5013501020417517,17.07563504351641,2.3465336838873325
1.3908704012044326,8.396336023479568,1.9907435343344873
0.4280378959425467,2.5096514512122883,0.1546451175762253
1.749188031507159,16.83197706754993,3.2552552189262745
0.9730959363434868,5.7967520005551965,0.9188747008500441
1.5187554840484654,7.001273217999889,2.4053557860989634
1.9980830585376967,17.72537997365954,4.3220813999984005
0.8889791384209725,5.024808536894295,0.7549547622069375
1.92263883937078,8.535494185542436,3.9823627561443256
1.3104484807367678,13.082021033415492,1.7508359647442864
0.5090408001972639,3.153594840194699,0.2248563156459927
0.8529655500942734,5.561549832741608,0.6900243106425797
0.7296410009407188,4.259273250308342,0.4912855501888056
1.2395241535193218,9.589782733797025,1.552582076106419
1.4125528760161778,7.513776825018679,2.0581754686305596
1.239813194259956,6.639716754011717,1.5533647216665343
1.2096112225356397,10.979746475332703,1.4727045209183427
0.8187084702571062,5.177510944191995,0.6311648679423514
1.4451219621467182,11.813239632781904,2.161661461527803
0.5545510620565779,3.3291504209211835,0.27068652042871494
0.78112548253285,5.305303442188288,0.5698326121376898
1.1943634110004246,7.976631610091883,1.4328400277308553
0.8658111089765568,5.477700932285352,0.7128243913778196
0.7790617328073883,5.491340469068553,0.5665626310562525
0.7073681568645737,3.697724787615652,0.459252720022763
1.908182268884768,20.383674185505196,3.918890532216954
1.677134052193699,20.911097641649352,2.9752768000729057
0.5634784358967346,3.436676490025655,0.2802246257571382
1.9164342001281789,13.6807715215235,3.9550570355845225
0.7569543735517534,4.398081354150492,0.5321710332656895
1.6968453914501271,11.923763453529698,3.0505821351296905
1.2925509802592738,9.6753360854398,1.6996303990685022
0.3631094949317871,1.9865858504786875,0.10858022603401635
1.2142302012522763,7.503206337295599,1.484894108750841
1.8228249214079004,15.273575246578972,3.5547666282913495
1.9809996038111035,12.0343794749759,4.2439095588273545
1.3029072962022017,9.888236260269627,1.7291633907537955
0.8234349368594635,5.227008782560921,0.6391178239529531
0.9467362672984176,6.3333301834552485,0.8656537901439959
1.976696850268873,14.89598569253477,4.224335755895267
0.9210640170616976,6.518577286893065,0.8154485496372248
1.1045202273670136,6.624378506659572,1.2096166396458727
0.9889951560687872,6.6163485307042444,0.9517960434460194
1.619649221495114,15.305310552776884,2.761192982008145
0.9833516274104696,5.862178113502456,0.9400396633235922
1.2139441404666087,8.068238586688402,1.484137653959024
0.6789637962861076,3.804440688336047,0.4200969730153144
1.8522868344300631,12.477190895157769,3.6783911891891043
1.3317740005524814,7.115063751328303,1.8128873004345427
0.9177043515931044,6.0085500748229785,0.8089969636088169
1.453685664478611,10.641223278887054,2.189310140381257
1.3555947864305986,8.217546301027548,1.8835343855776194
1.3924720221488789,10.774166321250291,1.9956845546089135
1.0334954876523028,5.380048357286262,1.047228964981816
0.8499216338862756,4.735969652705393,0.6846799164489861
1.0570648702293193,7.945457864232029,1.0997419420091445
1.909877688690008,19.941298996823097,3.9263073173431153
1.5327215637830558,11.392520824711,2.4531000980620568
1.9899265819221803,12.548227247831775,4.2846672737264875
1.8888074955904004,16.95983767789418,3.834643613908276
1.6353924126294843,10.26476246295409,2.8190044279427284
1.0730493606358342,8.715277651347,1.1361323962220993
1.0560264593214592,6.936504527666165,1.0973996118309897
1.9466166165146277,16.60887737592323,4.088789872315105
1.0099194452115237,7.493411277828896,0.9960648255810141
0.7986416021168248,6.17963777136812,0.597996520131923
1.111450045020737,8.291606629911733,1.2261254236068024
1.6085020647995405,18.75130729277505,2.720632408787307
0.5923578813919087,3.358766937253305,0.31232215831079235
0.7538750570299498,3.677143025333372,0.5274729975144045
1.0933426430951942,8.885235158906482,1.183237813808632
0.9190960643282886,6.411508081898016,0.8116661493050369
1.1994870759087122,9.445077472230944,1.4461713705623576
1.8084270319703983,13.010388843645543,3.495140188121731
1.1238259986652748,6.645060299696888,1.2559029351552689
1.8867755700722384,22.69629508699766,3.8258625687765875
1.1832680988400204,6.21238690381827,1.4041935206520588
1.668945264554493,11.81460542418547,2.9442771299066535
1.301288431658422,12.082093975264897,1.7245293438462608
0.6351578612672371,3.417749724822816,0.3634104897142072
1.727539301865642,14.163879816088432,3.169774462709189
1.122247367596385,8.695368641866322,1.2520836103410609
1.446718082063285,6.5165211252083886,2.166800843315207
0.8089932866208117,5.814059768302838,0.6149861289836266
1.5421487031302723,11.132259854501326,2.485602215380797
0.8640248489893875,5.164645965791748,0.7096300343626138
1.8506638772360304,14.62082711563781,3.6715247238799686
1.3656799445890746,8.951154614595463,1.9138694026568979
1.1972431165913235,11.924487576677429,1.4403247850790672
1.3498128336254274,10.86712371145152,1.8662568852986163
1.418651266232066,6.290304583648329,2.0773519305349715
0.8681141569515209,5.2209731308733165,0.7169542964833006
1.7599038589081748,10.0252451643167,3.2979996282635136
1.6705139120767931,9.880006511482478,2.9502024938450813
0.5827938103166904,3.373723335919112,0.30148152097073627
0.911246351436065,7.224594585018594,0.7966726648603267
1.2545337178929818,8.100159617730757,1.593497716651541
0.555642115366697,3.543244774074932,0.2718425227234643
1.3885524989981144,11.804350914128277,1.9836040694622872
1.0015430018114837,8.321919936466063,0.9782144303636578
1.717706505114467,9.983233951506772,3.131335397564371
1.1453241998270396,8.15862078483686,1.3085274674392111
1.15498741808786,7.334431646582109,1.332553287282543
1.118658927893945,7.500644302416332,1.2434246369862998
1.786666379758053,13.127025498128235,3.4060040739256676
0.8989259135113437,6.7776266457562775,0.7734415281742838
0.5214905289871268,2.776260592253152,0.23693173358334374
0.2792416652946433,1.3963278449075254,0.06197701483164527
1.4087524901982462,11.076725944471926,2.04627188296648
1.7268384148153435,12.460157435280522,3.167026523302451
1.835590313157926,19.844672586395184,3.6080651652037967
0.7623404125857849,4.925523887824672,0.5404426128267537
1.949474133846561,17.564127208245804,4.101569011760705
1.2155000070785535,12.077298410202731,1.488254409227598
0.9237856549249946,6.24260342317756,0.8206950465079235
0.893633704606645,7.660827625334795,0.7635757348267874
1.317388526157268,8.032752012050272,1.7709056471562599
1.912481521634327,13.252256058528925,3.937712033607379
1.250842582018529,7.446130044900276,1.583384023563777
1.0100033742518273,7.007247169285471,0.9962445498848661
1.8544193921984216,17.608951140078883,3.6874236904358155
0.212416234093662,1.0905350771915492,0.03474667175012544
1.0857647459104005,5.826315158744466,1.1655291733896018
0.6043869833440204,3.67023163400507,0.3262544893297725
1.7481161298801864,13.638810078039858,3.2509952674265135
1.899756685804066,14.036447140269976,3.882138503531705
0.6699363978706842,3.680583021559882,0.40804894106711415
0.6020923870751211,3.920440652648313,0.3235712016654997
1.5043425981736451,11.10241062712247,2.356593240473121
1.757391219602472,8.594651674458458,3.2879512387368646
1.645560425670256,12.231584392975057,2.856671290071021
1.748254751436392,12.05755863056197,3.251546015845935
0.6968441427825609,4.005142657043313,0.444524103089331
1.0081139333565663,8.209861032512977,0.9922027097599726
0.8611733586452562,4.874507851017079,0.7045467074638874
0.9557937803497406,6.394847975281292,0.8837499938866697
0.9619280179359364,7.067893391435433,0.8961193627603055
1.0250602391795225,5.340426020915667,1.0287664194556148
1.7539754752269792,12.26633655184621,3.2743164690072946
0.6604951924281705,4.0716350226189855,0.39565244864216326
1.2934182367066565,13.74163562614791,1.702093335407461
0.5663991178961456,3.3522645804170117,0.28338438422197104
1.0211287370801383,6.445065276905369,1.0202210162277203
0.7624461632145114,5.3012397212335785,0.5406057099253667
1.6539480656519108,10.904996772732064,2.887936832960956
1.351230144472548,8.211540742764845,1.8704843779545746
0.7968506068307406,5.182268035397288,0.5950831162065405
1.6715362491546826,11.239321870070858,2.954067542497249
0.7174578897703809,4.579277936557943,0.47361862554985673
1.12312848157851,7.775197619888679,1.2542146111436137
0.3777639545373948,2.137831296972973,0.11820045651314355
1.2658079839725498,9.388811156438782,1.6245982490609618
1.6837888336304356,18.81759058770223,3.0005924448132273
1.8366335563683875,15.670890936352144,3.6124389357803217
1.5371075327820638,17.710170730391248,2.468194150479235
1.2544409194978086,10.561967171531665,1.5932430357440543
0.9842921962341707,6.053428825652143,0.9419936116832511
0.4927965248077387,2.952926939835518,0.20961949309466402
1.652691138730708,18.793586893158057,2.8832403745439614
1.1984258283431768,7.652662839722363,1.443404761291064
1.095427930554722,7.202785805354406,1.1881356903296436
1.733545187517001,11.112582610945468,3.193371731190537
1.4109802894083807,8.47715333775284,2.053245449962969
1.7093429484860545,14.605801890473082,3.098829775919372
1.587102421763794,13.240030900416237,2.643634433153549
0.3873462887344222,2.2990992427686723,0.12473398238138737
1.909276259118536,14.867567205951824,3.9236754809320327
1.9880445116789576,23.82155800280465,4.276057763237044
1.2784557288366158,10.42675592516537,1.6598626413220527
1.8677998555685933,13.193838828412405,3.7443561572801225
1.570565396870194,9.934369098520238,2.5849141666786
1.9595388163041048,13.668878620234585,4.146741982258972
1.3831593785268403,8.637341182029168,1.9670441851598826
0.5873128709371965,3.553907372555227,0.3065776827162759
0.9291788548048712,5.154777070610353,0.831144728872989
0.938708818584042,6.069778158080105,0.8497827056465774
0.373531757615058,2.155722664299752,0.11537611265322598
1.4464190235563177,10.044430893374107,2.1658374157103
1.4592860698516372,12.618445396846033,2.207490231451839
1.7267129488432666,18.991850427726384,3.1665347432626616
1.281605584936317,11.348548677685637,1.6687067566446048
1.840750727756428,10.483997259455032,3.6297265954390845
0.5432777455277129,3.3608273910536,0.2588997619872794
1.7079944949779629,19.82552330853138,3.0936052360791098
1.180654673333657,8.567693510843078,1.3974903283517879
1.4371668877802315,12.916526224333134,2.1361412510080617
1.604109711465173,11.44355800582002,2.7047352288530617
1.5173893719444205,9.530476136395386,2.4007116850893624
1.0478682872890253,5.107148327535382,1.079089497448979
0.6529420704177131,4.347622288440985,0.3858847816232851
1.4767863382646496,15.291643117075555,2.264802758316844
1.8539337477479625,12.067751648769018,3.685365732702241
1.2913962557526344,8.656227611170706,1.6963539735733524
0.958187665224927,5.684206981900674,0.8885662146939382
0.635162657508967,3.7856347834098862,0.3634164518383444
1.5865847563099844,13.465585448134304,2.6417859578774943
1.459323690249322,8.105056387007282,2.207612619035407
1.374343278969895,11.645035584658745,1.940129524596577
1.4887587273937564,13.716749706084109,2.3044508312581766
1.2048079312506277,7.801033129485001,1.4600845342972042
0.9560729024114452,5.957648568384928,0.8843108354064466
1.5677010957302229,13.526572529237148,2.5748127229481983
1.8567840634478483,12.133540903322864,3.6974525922373473
0.649192703782756,4.1648801254811705,0.3810854682484877
1.46544693027623,10.446061330037038,2.2275798259267026
0.8141728336713556,5.53635255505559,0.62358345936632
1.343109040035256,8.018502945217756,1.846328719057156
0.4025256492132836,2.148530801286645,0.13547993947804934
1.6692295831341828,9.05524535043005,2.945350651514743
1.1694607924659182,10.446690514282023,1.3689701120707416
1.694381661159958,8.233099252763674,3.0411167032024213
0.7633033021928304,4.089669324525806,0.5419286409538164
0.8446358852124015,6.575832297900904,0.6754524854687999
0.9766574884280664,5.299129141518602,0.9261956471639641
1.9640556057441956,18.389322739617967,4.167096869493349
1.5003515754858463,12.90264689857376,2.343182003612906
1.4809909194496778,10.102101580713535,2.2786861133014265
0.6385917802985035,3.9961448746772255,0.36769278734516764
1.5703868606810694,7.518326864228867,2.584283931278238
0.7571782655708561,5.15148817698447,0.5325134991411614
1.800393380750141,13.486231001364576,3.462095080015151
1.2570323065870714,8.220977512885776,1.600363001807235
0.820313645061189,4.714831670454168,0.6338597856826981
0.8266352075530657,5.165874655182661,0.6445332184873818
1.865116589359065,14.555389124265163,3.732903299291242
0.8986064699056822,5.449853061488761,0.7728440917312664
0.5616664158699375,3.576801395660342,0.2782740196053871
1.6692363331700988,12.8110607071657,2.945376140548091
1.3546979189969994,9.43987566754774,1.880848944699727
1.4753360850214026,12.355327897314304,2.2600242867033793
1.285462443122087,12.499019266369986,1.6795694944079664
0.4734781145892409,2.997900697170277,0.192259449863355
0.2095440447054214,1.0515660845189394,0.0337649782208304
1.8425684770582584,10.037576825162166,3.6373726414332332
0.6770019995910036,4.281085175068222,0.41746252262892813
1.4285472095921885,11.885113433751249,2.108666658611068
1.25327573752901,9.54614597859776,1.5900470640774533
0.8193770849823214,4.651035644127965,0.6322866488740029
1.623962919578469,8.938712584249782,2.776972112643232
1.1819611370512912,12.39189841999775,1.4008391748362603
1.6902283238186364,13.2048195437224,3.0251942180329645
1.5053742957312355,9.989226617163505,2.3600665565642758
0.8757401553004738,5.69508517467317,0.7307210328612429
0.3786705174051242,2.221153894888117,0.11881032456987696
1.3592122293650424,10.684336945295756,1.8943861810845946
1.6726139215342428,11.653012045095448,2.9581446130617035
1.2227158166362422,8.318758221696003,1.5074254741240094
1.0075786107208822,6.786825807635422,0.9910591520328854
1.8982684061833897,17.610944792907958,3.8756651244576337
0.5390650050324963,3.6018577336886057,0.25456879922568265
0.8025706974638828,4.653688545979454,0.6044148753242938
1.0960897823512898,7.861553668316719,1.1896924719564372
1.5729781921949229,8.798610813649862,2.593439157793734
0.6012003770689994,3.7836360706329377,0.322531356310645
1.9067700854328384,16.697359813322393,3.912718275867765
1.5622716164102524,16.164964762439862,2.5557208304397343
1.7263648909380755,12.457927175679108,3.1651706910145987
0.4359198183584227,2.357059031066759,0.16084844384962405
1.5317649509966809,16.05589384862381,2.4498143354900113
1.656302721265323,17.907789160547473,2.896745511515128
1.7317724359764686,14.10235152808642,3.1863971886489795
1.972117417626136,20.07711416608127,4.203554165654358
0.9963836516276068,6.148164845544256,0.9673052295354718
1.0178437125515365,7.774413721691919,1.0131098396986065
0.8946337517362504,6.0074540840475175,0.7654348294727701
1.5116780412341329,15.015929848571387,2.3813463257871637
1.5247223813868518,13.57789414910682,2.42569474053889
0.8804117589053472,4.901107717859944,0.7392238734871687
0.9414764927851652,5.404025451234007,0.855236947669586
0.3290466783813439,1.9081507918315657,0.087935144273435
1.209522637661982,7.645590257650658,1.4724712595456155
1.7766125888762647,12.895393447775918,3.365220800405981
1.2653719457534789,12.878688532049097,1.6233895618327634
1.6471740021650108,12.641659900379423,2.8626723912455536
1.2497474613018984,12.130142871846598,1.5803898934164027
1.479689966141534,10.158337692513296,2.2743857179497793
0.7290110607571674,4.934476057585192,0.49036345752119975
0.8807222967844802,5.843888556608501,0.7397909593817392
1.738830683354098,18.772594133769523,3.2142130054618043
1.9207749677590449,17.335104106223568,3.974150017154004
1.9117030111650704,20.863669890561862,3.934300403865396
0.4378765700993521,2.595811948722513,0.16240923954309341
1.8367572688826688,15.188035060912044,3.6129577775669732
0.9604464062992638,6.060861808168555,0.893123360891311
0.7916947280335698,4.522978029378408,0.5867389392090029
1.6823013275184362,14.37504075783562,2.994924197650641
1.2374863419143365,8.730585361042253,1.5470700968334112
0.7196625708230856,5.240558794888607,0.4767896693593258
1.4578957952821074,13.25578298531258,2.2029698265228275
1.578802736674627,8.908995652586182,2.614078448779128
1.392474890293986,10.477692411217008,1.9956934085916367
1.1489805432810636,8.971843483356526,1.3175911779988452
0.8848541119971632,4.392445028468522,0.7473584554738975
1.7753930781221017,13.701921837543464,3.3602909997922628
1.5621035910138998,14.127128441078527,2.5551311675190975
0.8855030334582767,6.213591898425898,0.7485507234032218
1.0334050413568932,8.143363427450781,1.0470300759480022
1.8113163346479173,26.381063121113023,3.507064248214964
1.6193600602461766,12.014855598929474,2.7601369139452854
1.781958441970915,11.968246895998115,3.386874888342058
1.5076268516807512,10.136846535833666,2.3676592270666554
1.8973771193861464,16.50207618788645,3.871791057931889
1.5448996418206402,12.936215431179551,2.4951283921270355
1.599491210714521,11.46946829092624,2.6880714080593866
1.0397898985266671,8.027235160427148,1.0611195237173183
1.249283587787034,7.246791638343211,1.5791225295917513
1.2049109104181597,8.61061752535728,1.4603544989599777
0.7381051338234521,4.15741054081048,0.5037663058451937
1.568348359608825,11.141054260904996,2.577093621416047
1.8002130152107152,11.294189898408844,3.461355024816582
1.2466384788228295,7.913089603599778,1.5719059310363408
0.536959276741563,3.635494171332948,0.252418967465354
0.5861774640435413,3.785601031160008,0.3052928877732212
0.4402947029963194,2.604863986998577,0.16434948939533447
1.1890625089572775,7.614355544590914,1.4191158754222983
1.684819076307594,13.91339239726608,3.0045214912011344
0.9836025302753572,7.317693300955139,0.9405606802567641
0.9717983459410154,5.083802993711472,0.9162151411060395
1.097730182957473,5.306351681528249,1.193555608303588
0.2823281260273929,1.4795673732044117,0.06344246073165939
0.7560818344773176,3.905008372687445,0.5308375327763627
1.4745671618554563,13.09907963521779,2.257492868048795
1.247160293301229,9.925234142272467,1.5733282144236251
1.4778225829872471,11.08759794525651,2.2682203103654257
1.7954021126742574,11.945105046907178,3.441645446867775
1.9743426680568237,17.94477643898224,4.213645862284105
1.0125352489731605,4.997531327661032,1.0016743786350804
0.8929594713555937,6.329712705084021,0.7623236988049458
1.3575591957004127,10.179106357891705,1.8894232901114019
1.1156007571177682,7.4925625297127825,1.2360702731606388
1.343473738452003,11.53372708972906,1.8474099760033944
1.8770731027977905,15.8056935977879,3.784075180620414
0.8199409823092609,4.768411742831227,0.6332335729162892
0.5514289281375698,3.5710007538499924,0.26739342041963254
1.2022469574806207,11.938326690348264,1.4533792637341687
1.73985190717403,13.702735293008413,3.218247833055277
1.1610789437089128,9.669073587927286,1.347817258551751
1.6919888913087835,12.19479053424809,3.0319383836863256
1.3963867243670942,12.156178325375391,2.00778830039654
0.5220934218853832,2.8641542575994725,0.23752529555115667
1.100652978067511,5.736305136390451,1.2004552045418324
1.8839799038587963,18.51867911362256,3.8137978458404707
1.647480063639131,15.962224282410318,2.863811406004779
0.4768650463107429,2.5370589471677314,0.19524358612622583
1.982558795349608,13.614072282712089,4.251013959917614
1.3104404780914822,8.941359770045942,1.7508128911712735
1.4079788496821406,10.467210662198058,2.0438530821683316
1.322900252735845,9.439411874455567,1.786930004914474
0.9423218301719642,4.964816554221533,0.8569065697029569
1.351384570753582,9.651943598254892,1.8709452953580947
1.327456945901918,10.014211529717288,1.800234724259727
1.1495653334993654,8.267244952708701,1.319043876496786
0.7442618684117559,4.823971432910508,0.5129513837392641
0.5529732095785134,3.5897738702590334,0.26901950826600557
0.5722509251179198,4.310391789595865,0.289773564528185
1.0720111126267549,8.187795537034578,1.133749630909773
1.7192477086254714,18.647788508119536,3.137344442736174
1.232103292897932,10.12608495304576,1.5325592213603292
1.5855167016486102,16.523415189258298,2.637974267458256
1.3834286176551132,10.6431135059998,1.9678691847819336
1.9777642709772736,10.433994223167348,4.229187277315706
1.5784557314486565,13.484271846218796,2.6128464670916784
1.0747094215919155,7.728754340603548,1.1399477232141246
0.5798353998759103,3.2422249913572343,0.2981705853669786
1.7254062915128645,13.498895685506218,3.1614154653132287
0.533171277164529,3.4414564437141806,0.24857675293638354
0.2893559274891394,1.5203096373837306,0.06684914125234756
1.1435977034197955,7.2274080197340576,1.304259127384708
1.8266350821804735,16.5203921789515,3.5706323608108548
1.153234242225852,9.645867625192905,1.3281772142918122
0.8461767782679025,6.025918795875591,0.6781354956246114
1.724552964899141,10.17143938713681,3.1580745645161366
1.3852782364845793,7.9098303887044334,1.973541637285636
1.7723787659435737,27.706481927643267,3.3481217424478995
0.4001069159165286,2.138336910946203,0.13373497200431053
0.9194442564403864,6.719097842789756,0.812334688188191
1.535620535439848,10.108484421329072,2.4630713696609203
1.3275296833642822,10.274029513946497,1.8004475225091587
1.979195764379497,17.65533531774166,4.235698014503575
0.5824790523458272,3.7362514948788808,0.3011283060622058
1.1861397547999746,9.422486843307343,1.4115785236424645
1.6655176284139943,15.522946930032075,2.9313510239996297
0.7354068920730802,3.9002467593184655,0.49976919448395996
0.4182644705964541,2.2603286583290365,0.147138678389367
1.6771013082994286,9.775402779984974,2.975152511078653
1.9817925518228636,12.259469215981811,4.247521838566237
0.7698187987642414,4.588754508492869,0.55204204337519
0.6807736950904569,4.733359909620697,0.42253543885137623
0.5748800322194871,3.395781180832283,0.29266948446843344
1.2375985006243948,10.21957376461519,1.5473732020527227
1.0491640715137338,7.682036298245146,1.081986819668081
1.9957467567642773,19.781327382459853,4.311347670453264
0.8020899696705938,4.223931131222908,0.6036275990544209
1.5674271750097375,10.623584865115673,2.5738477657721504
1.7119851983744765,15.059806172462864,3.109080237009949
1.7263175783838225,13.043788823217398,3.1649852946333037
1.2447700711631775,10.220393143318772,1.5668188395178237
0.9795795185181332,6.383680286876595,0.93222516998036
1.925195123348177,10.435609732036776,3.993640576495252
0.8418713364545863,5.333673317920576,0.6706531831637315
1.0361578544899095,6.76539149167878,1.0530924322882491
1.8567599725711992,17.95951557565059,3.6973503490517454
1.8805659233511849,13.255519031073778,3.799091260054624
1.5032866369407294,10.227182209279182,2.353040982293412
0.8512435817731938,6.247044509407605,0.6869981975382099
0.7699331616310218,5.658294913456429,0.552220461690004
1.4802598395535034,12.050607958089929,2.2762689573123245
1.3353908393267644,9.269462569368008,1.8235232863894204
1.332601992855928,6.736470076682112,1.815319298505368
1.4281205925725546,6.972626536481097,2.1073116478112817
0.9323743520346748,5.257741850179468,0.837369603224587
1.6059651498840597,14.387795248341114,2.7114447250999945
1.2819558616402555,9.312788617867692,1.6696917783248406
1.747551816423898,18.826642219246715,3.2487537246061713
0.9574418757665736,5.554304847614878,0.8870642729659439
1.3008813485751904,13.186790600343189,1.723365079936923
1.139445248361539,7.554652416214223,1.2940233291149206
1.4720247386932628,11.204082326843285,2.249133278281375
1.1974186151173254,11.954997400322906,1.440781593494263
0.7085876866347331,4.103588822307328,0.46097634732162457
1.5640401990374266,17.73088711972801,2.561931703247574
1.0686725802568455,6.974890705768702,1.126105713308865
1.7747366633155373,25.546596409820665,3.357639017834513
0.6104037944668039,3.940945091520629,0.33334802254480944
1.5490786057672814,13.787712384766603,2.5096357152257562
1.016854383827178,8.19886569480055,1.0109733974328323
1.1315960329921555,5.737594278443495,1.2747912688831875
1.7539178965163842,14.05706148165293,3.2740868791347397
1.7856746474540026,13.02656605389919,3.4019698912094247
0.7345708438519668,5.149911914261713,0.49853419370282587
1.416514510139689,14.88988263697865,2.0706223497506104
0.3219237741829912,1.8693930989092449,0.08391787274487793
0.8077044077165957,7.022727019287665,0.6128567682940479
0.9403459467256396,6.673442776365038,0.85300673203429
0.9101761900712289,6.449119970106176,0.7946401789484735
0.7507358609679069,3.612409041568826,0.5227068100549515
1.2543508372483352,10.843163964914996,1.5929958295882727
0.8102541174438415,4.981009643732414,0.6170730065054859
1.0555758008671738,7.804659217149016,1.0963838918492772
0.7173161658969588,4.921868200818819,0.4734151735173809
1.129893050985309,6.860247928928053,1.270638711190843
1.466299717026221,7.153379475644575,2.230368070740923
0.8363826488862148,4.887844280563895,0.6611792943413136
0.5038463752158837,2.7581357510647324,0.21992027034911807
1.5909551210546864,10.833415445877517,2.6574125937862774
1.352911157032275,7.226296789946415,1.8755048974811872
1.3132940496230334,10.114596455839225,1.759050509117068
0.9106319425922396,5.6247446929981,0.7955054191993638
1.8833481311021945,15.293096236898029,3.811074129315236
0.9209423283510648,5.0247888754464825,0.8152143911437135
0.9797280216918404,5.84806786082464,0.9325321590754448
0.5140914577698431,2.9444315014274838,0.22971339412365285
1.5594339928039376,11.976719305681804,2.545772000208538
1.6938360696668469,9.457947556685555,3.039022636496762
1.4572614517232774,12.684638455273529,2.2009088894811764
1.81593874680679,18.229492631558543,3.526184131773175
1.0677903294694544,8.28773730026505,1.1240902872148446
0.8087684997812393,4.913977652672788,0.614614471152048
1.3547855076070925,11.513190785500347,1.881111118415604
0.9793071990692712,7.825558147193996,0.9316623651422783
1.1635030479791226,7.601124280258834,1.3539170073788866
1.1030630164964936,8.260480816059621,1.2061602102916609
1.0471629685232728,7.295435071221796,1.0775141659091478
1.425034786105858,9.416513424808086,2.0975240618279267
1.3702669888217314,10.245404914217527,1.927750325383803
1.5718706467042678,12.328821305400853,2.589524130296564
1.1564042004060855,7.510271244369063,1.3360952401562953
1.235504909791462,8.080822556011803,1.5417204798094253
0.999627498010071,7.658133649778847,0.9741565837621946
1.3461819483323856,10.989810481232364,1.855449604803089
1.8844355353725484,19.09460943032341,3.815762796092194
1.900351240159416,20.13569708963594,3.8847261073650277
1.829024923098239,10.080021134702235,3.5806022935227273
1.1170734186946258,9.03370587573774,1.239608887233251
1.9819982586302811,19.91373397191809,4.248459194144164
0.6468365051430637,3.7054219669883497,0.3780861914410616
1.0177338234972473,6.91643328749704,1.0128724173054666
1.4649122486895356,16.065765323567202,2.2258325708065865
1.3242257031149518,11.97320425925216,1.7907947634812043
0.8160996947522227,5.059919724939106,0.6267982122897221
1.949247104100304,13.89081900980404,4.100552962673298
1.2224879779100328,8.75454783882699,1.506818178026164
1.4999249840173494,13.627588016315633,2.3417508522834485
1.624346201245359,12.238921091844627,2.7783763668261057
1.6286852345975,12.329161632288448,2.7942991017913794
0.917190155469194,5.966968176748234,0.8080119704701029
1.5762459870474492,17.82012891052359,2.6050081916201386
1.8778726935895136,10.978949272334685,3.7875100335282164
1.6486377819274798,11.118988553624076,2.868121993178301
1.177194679290891,6.743905686425105,1.3886417440330676
0.832973491677328,4.760022676897258,0.655331350795756
0.9335967852453174,6.958197614541642,0.839757492467689
1.867306841791734,8.319435143298946,3.742250501503863
0.9358654352717988,6.572211186919482,0.8441986912520539
0.4247522935388206,2.03370542536051,0.15209874289408531
1.5350302733720391,10.0341574020506,2.4610394138091536
1.4081584043294122,12.759892286593592,2.044414330339721
0.6551485987740939,4.307616436660767,0.3887245094012031
1.6706271058911613,24.40228401053801,2.9506303062146433
1.096540353537573,5.444638404700505,1.1907529049319474
0.8925567246558872,6.213019973988563,0.7615763329453759
1.1180941097823152,8.241998676246018,1.2420646124219055
0.4647056721161906,2.5613866970259904,0.18464734572191888
0.6033756061749528,3.263338393488214,0.32507029919469344
1.712692311340885,17.354471759072613,3.111826395685536
1.4760208431982562,6.859074283743035,2.2622798593501976
0.916991491415543,7.442152609330519,0.8076315820666483
0.7443998329493259,5.080144636785668,0.5131582397786126
1.2533627270096714,8.664175670241459,1.5902855508532971
1.0162549516593833,6.811999912816272,1.0096800987194106
1.2250603922339978,6.555685667522191,1.5136823247860838
0.8456383048297621,5.237004011331293,0.6771972526237322
1.3075175240546104,9.6519501097341,1.7423959350483251
1.045155443832263,7.709998813899505,1.0730370411332686
1.2724644069019226,12.176229129926416,1.6431082158647443
0.8817346344890271,6.256082316229697,0.7416412515579068
1.894728939790912,20.92333326523192,3.8602921911792847
1.0247235668113377,6.845443797724596,1.0280331539082697
1.4467596541130123,10.18959293907498,2.1669347867651534
1.1926566282335624,7.014073561245341,1.428413542962389
1.4694500372511146,11.679993383401136,2.240683950163979
1.7719108945786672,11.035933944587576,3.3462349040537247
1.395906654770982,11.12117404431796,2.006301938650783
0.6909750797950343,4.203418818530768,0.4364233681503476
1.6633262244299376,8.304161327475398,2.9231022757417353
0.8214386036672877,5.786522749671971,0.6357521604935032
0.6236659259728162,4.081892934175853,0.3492780575722502
1.1456225136519074,8.036073803681242,1.309265721005319
1.5537634320712042,10.099261580812838,2.5259508580067727
1.8126670315018365,16.55329588277218,3.5126456786733686
1.8377450101898989,10.403831529222954,3.6171016672601866
1.4792711148591189,10.622681571268254,2.273002071126684
0.3543661199465756,1.885087566823235,0.10305312164894047
0.8201548988878266,5.841227727418987,0.6335929919662671
0.6570736561391032,4.618057117450683,0.39121125807159024
0.7548051283980508,5.489219529325101,0.5288896072644199
1.4296179507046796,8.959271892903573,2.11206951486402
0.538688427192264,3.2681528958523005,0.25418360092165015
0.9828027704749256,6.876611523267089,0.9389004609853678
0.5912778915471436,3.816212156400712,0.31108753049038906
1.7289755837541911,15.85010557396951,3.1754094630629472
1.3128006021487653,10.84739811353668,1.7576245921513098
1.1668857587901118,7.534371126517363,1.3624531542913763
0.4691341364991168,2.592208382657609,0.18846896462540536
0.7720267462659519,5.048841526181016,0.5554921883126103
1.4710901904514548,12.67103191281543,2.2460644893185586
1.5988238520638094,14.7360059741583,2.685667933979169
1.5295613649245576,13.249965158478386,2.4422541541169616
